,,,,,,,,,,,,,CLOPIDOGRE,CLOPIDOGRE,CLOPIDOGRE,CLOPIDOGRE,CLOPIDOGRE,CLOPIDOGRE,CLOPIDOGRE,CLOPIDOGRE,Plavix,Plavix,Plavix,Plavix,Plavix,Plavix,Plavix,Plavix,CLOPIDOGRE,CLOPIDOGRE,CLOPIDOGRE,CLOPIDOGRE,CLOPIDOGRE,CLOPIDOGRE,CLOPIDOGRE,CLOPIDOGRE,Plavix,Plavix,Plavix,Plavix,Plavix,Plavix,Plavix,Plavix,CLOPIDOGRE,CLOPIDOGRE,CLOPIDOGRE,CLOPIDOGRE,CLOPIDOGRE,CLOPIDOGRE,CLOPIDOGRE,CLOPIDOGRE,Plavix,Plavix,Plavix,Plavix,Plavix,Plavix,Plavix,Plavix
,,,,,,,,,,,,,20111,20112,20113,20114,20111,20112,20113,20114,20111,20112,20113,20114,20111,20112,20113,20114,20121,20122,20123,20124,20121,20122,20123,20124,20121,20122,20123,20124,20121,20122,20123,20124,20131,20132,20133,20134,20131,20132,20133,20134,20131,20132,20133,20134,20131,20132,20133,20134
,RecordID,StateCode,LabelerCode,ProductCode,PackageSize,PeriodCovered,FDAListName,UnitsReimbursed,NumberRx,TotalAmountReimbursed,MedicaidAmountReimbursed,Non-MedicaidAmountReimbursed,FFSU,FFSU,FFSU,FFSU,MCOU,MCOU,MCOU,MCOU,FFSU,FFSU,FFSU,FFSU,MCOU,MCOU,MCOU,MCOU,FFSU,FFSU,FFSU,FFSU,MCOU,MCOU,MCOU,MCOU,FFSU,FFSU,FFSU,FFSU,MCOU,MCOU,MCOU,MCOU,FFSU,FFSU,FFSU,FFSU,MCOU,MCOU,MCOU,MCOU,FFSU,FFSU,FFSU,FFSU,MCOU,MCOU,MCOU,MCOU
250024,FFSU,XX,93,7314,5,20122,CLOPIDOGRE,63247.001,2065,95889.96,91046.85,4843.11,,,,,,,,,,,,,,,,,,1,,,,,,,,,,,,,,,,,,,,,,,,,,,,,,
250025,FFSU,XX,93,7314,5,20123,CLOPIDOGRE,205437,6997,172930.84,163265.07,9665.77,,,,,,,,,,,,,,,,,,,1,,,,,,,,,,,,,,,,,,,,,,,,,,,,,
250026,FFSU,XX,93,7314,5,20124,CLOPIDOGRE,226932,7792,133603.81,124843.32,8760.49,,,,,,,,,,,,,,,,,,,,1,,,,,,,,,,,,,,,,,,,,,,,,,,,,
250027,FFSU,XX,93,7314,56,20122,CLOPIDOGRE,95669,2978,100616.94,93444.7,7172.24,,,,,,,,,,,,,,,,,,1,,,,,,,,,,,,,,,,,,,,,,,,,,,,,,
250028,FFSU,XX,93,7314,56,20123,CLOPIDOGRE,824092.272,25089,703523.35,660559.72,42963.63,,,,,,,,,,,,,,,,,,,1,,,,,,,,,,,,,,,,,,,,,,,,,,,,,
250029,FFSU,XX,93,7314,56,20124,CLOPIDOGRE,789596.867,23785,418668.04,384742.48,33925.56,,,,,,,,,,,,,,,,,,,,1,,,,,,,,,,,,,,,,,,,,,,,,,,,,
250030,FFSU,XX,93,7314,98,20122,CLOPIDOGRE,148846,4756,122074.74,113288.69,8786.05,,,,,,,,,,,,,,,,,,1,,,,,,,,,,,,,,,,,,,,,,,,,,,,,,
250031,FFSU,XX,93,7314,98,20123,CLOPIDOGRE,691807.001,21738,492479.34,466086.11,26393.23,,,,,,,,,,,,,,,,,,,1,,,,,,,,,,,,,,,,,,,,,,,,,,,,,
250032,FFSU,XX,93,7314,98,20124,CLOPIDOGRE,712981,22243,358500.27,333416.34,25083.93,,,,,,,,,,,,,,,,,,,,1,,,,,,,,,,,,,,,,,,,,,,,,,,,,
376849,MCOU,XX,93,7314,5,20122,CLOPIDOGRE,90456,2907,271041.28,269657.12,1384.16,,,,,,,,,,,,,,,,,,,,,,1,,,,,,,,,,,,,,,,,,,,,,,,,,
376850,MCOU,XX,93,7314,5,20123,CLOPIDOGRE,144226,4753,277594.13,276593.42,1000.71,,,,,,,,,,,,,,,,,,,,,,,1,,,,,,,,,,,,,,,,,,,,,,,,,
376851,MCOU,XX,93,7314,5,20124,CLOPIDOGRE,95815,3209,149509.11,148735.84,773.27,,,,,,,,,,,,,,,,,,,,,,,,1,,,,,,,,,,,,,,,,,,,,,,,,
376852,MCOU,XX,93,7314,56,20122,CLOPIDOGRE,129703,4173,335051.01,334106.56,944.45,,,,,,,,,,,,,,,,,,,,,,1,,,,,,,,,,,,,,,,,,,,,,,,,,
376853,MCOU,XX,93,7314,56,20123,CLOPIDOGRE,758996,24727,1288417.03,1284710.45,3706.58,,,,,,,,,,,,,,,,,,,,,,,1,,,,,,,,,,,,,,,,,,,,,,,,,
376854,MCOU,XX,93,7314,56,20124,CLOPIDOGRE,794758,25996,1348977.49,1289358.72,59618.77,,,,,,,,,,,,,,,,,,,,,,,,1,,,,,,,,,,,,,,,,,,,,,,,,
376855,MCOU,XX,93,7314,98,20122,CLOPIDOGRE,145674,4882,262723.98,261267.97,1456.01,,,,,,,,,,,,,,,,,,,,,,1,,,,,,,,,,,,,,,,,,,,,,,,,,
376856,MCOU,XX,93,7314,98,20123,CLOPIDOGRE,710270,23639,1082105.63,1076931.26,5174.37,,,,,,,,,,,,,,,,,,,,,,,1,,,,,,,,,,,,,,,,,,,,,,,,,
376857,MCOU,XX,93,7314,98,20124,CLOPIDOGRE,838109.99,27772,1205263.92,1200418.34,4845.58,,,,,,,,,,,,,,,,,,,,,,,,1,,,,,,,,,,,,,,,,,,,,,,,,
497011,FFSU,XX,93,7314,5,20131,CLOPIDOGRE,231469,7967,127015.64,121856.95,5158.69,,,,,,,,,,,,,,,,,,,,,,,,,,,,,,,,,1,,,,,,,,,,,,,,,
497012,FFSU,XX,93,7314,5,20132,CLOPIDOGRE,258383,8920,133001.64,127612.57,5389.07,,,,,,,,,,,,,,,,,,,,,,,,,,,,,,,,,,1,,,,,,,,,,,,,,
497013,FFSU,XX,93,7314,5,20133,CLOPIDOGRE,258250.001,8951,154228.81,148887.48,5341.33,,,,,,,,,,,,,,,,,,,,,,,,,,,,,,,,,,,1,,,,,,,,,,,,,
497014,FFSU,XX,93,7314,5,20134,CLOPIDOGRE,169967,5968,92435.97,89260.66,3175.31,,,,,,,,,,,,,,,,,,,,,,,,,,,,,,,,,,,,1,,,,,,,,,,,,
497015,FFSU,XX,93,7314,56,20131,CLOPIDOGRE,727767,21613,384384.96,355270.9,29114.06,,,,,,,,,,,,,,,,,,,,,,,,,,,,,,,,,1,,,,,,,,,,,,,,,
497016,FFSU,XX,93,7314,56,20132,CLOPIDOGRE,763425.467,22795,369003.65,336775.26,32228.39,,,,,,,,,,,,,,,,,,,,,,,,,,,,,,,,,,1,,,,,,,,,,,,,,
497017,FFSU,XX,93,7314,56,20133,CLOPIDOGRE,736418.2,21519,360884.22,330784.45,30099.77,,,,,,,,,,,,,,,,,,,,,,,,,,,,,,,,,,,1,,,,,,,,,,,,,
497018,FFSU,XX,93,7314,56,20134,CLOPIDOGRE,768981.401,22118,342540.98,309656.22,32884.76,,,,,,,,,,,,,,,,,,,,,,,,,,,,,,,,,,,,1,,,,,,,,,,,,
497019,FFSU,XX,93,7314,98,20131,CLOPIDOGRE,517222,16083,257914.46,239364.2,18550.26,,,,,,,,,,,,,,,,,,,,,,,,,,,,,,,,,1,,,,,,,,,,,,,,,
497020,FFSU,XX,93,7314,98,20132,CLOPIDOGRE,221194,6813,107752.98,99851.84,7901.14,,,,,,,,,,,,,,,,,,,,,,,,,,,,,,,,,,1,,,,,,,,,,,,,,
497021,FFSU,XX,93,7314,98,20133,CLOPIDOGRE,201458,6157,101185.5,95038.2,6147.3,,,,,,,,,,,,,,,,,,,,,,,,,,,,,,,,,,,1,,,,,,,,,,,,,
497022,FFSU,XX,93,7314,98,20134,CLOPIDOGRE,132436.3,3974,55403.71,51555.42,3848.29,,,,,,,,,,,,,,,,,,,,,,,,,,,,,,,,,,,,1,,,,,,,,,,,,
624499,MCOU,XX,93,7314,5,20131,CLOPIDOGRE,110059.242,3738,168674.43,142930.78,25743.65,,,,,,,,,,,,,,,,,,,,,,,,,,,,,,,,,,,,,1,,,,,,,,,,,
624500,MCOU,XX,93,7314,5,20132,CLOPIDOGRE,147921.001,4743,127751.23,125023.61,2727.62,,,,,,,,,,,,,,,,,,,,,,,,,,,,,,,,,,,,,,1,,,,,,,,,,
624501,MCOU,XX,93,7314,5,20133,CLOPIDOGRE,156844.06,5236,127012.93,126483.71,529.22,,,,,,,,,,,,,,,,,,,,,,,,,,,,,,,,,,,,,,,1,,,,,,,,,
624502,MCOU,XX,93,7314,5,20134,CLOPIDOGRE,108720.058,3697,84662.36,83872.32,790.04,,,,,,,,,,,,,,,,,,,,,,,,,,,,,,,,,,,,,,,,1,,,,,,,,
624503,MCOU,XX,93,7314,56,20131,CLOPIDOGRE,774546.81,25426,1449074.72,1251788.05,197286.67,,,,,,,,,,,,,,,,,,,,,,,,,,,,,,,,,,,,,1,,,,,,,,,,,
624504,MCOU,XX,93,7314,56,20132,CLOPIDOGRE,758485.001,24683,877529.47,866207.61,11321.86,,,,,,,,,,,,,,,,,,,,,,,,,,,,,,,,,,,,,,1,,,,,,,,,,
624505,MCOU,XX,93,7314,56,20133,CLOPIDOGRE,777668.003,25135,803428.7,799622.1,3806.6,,,,,,,,,,,,,,,,,,,,,,,,,,,,,,,,,,,,,,,1,,,,,,,,,
624506,MCOU,XX,93,7314,56,20134,CLOPIDOGRE,795986,26058,607138.17,600058.83,7079.34,,,,,,,,,,,,,,,,,,,,,,,,,,,,,,,,,,,,,,,,1,,,,,,,,
624507,MCOU,XX,93,7314,98,20131,CLOPIDOGRE,844542.78,22533,938833.68,929078.92,9754.76,,,,,,,,,,,,,,,,,,,,,,,,,,,,,,,,,,,,,1,,,,,,,,,,,
624508,MCOU,XX,93,7314,98,20132,CLOPIDOGRE,549962,18126,640500.62,638344.03,2156.59,,,,,,,,,,,,,,,,,,,,,,,,,,,,,,,,,,,,,,1,,,,,,,,,,
624509,MCOU,XX,93,7314,98,20133,CLOPIDOGRE,470433,15420,468873.53,467703.34,1170.19,,,,,,,,,,,,,,,,,,,,,,,,,,,,,,,,,,,,,,,1,,,,,,,,,
624510,MCOU,XX,93,7314,98,20134,CLOPIDOGRE,292675,9855,269003.2,266430.17,2573.03,,,,,,,,,,,,,,,,,,,,,,,,,,,,,,,,,,,,,,,,1,,,,,,,,
265828,FFSU,XX,378,3627,5,20122,CLOPIDOGRE,58534.933,1944,70224.38,65844.45,4379.93,,,,,,,,,,,,,,,,,,1,,,,,,,,,,,,,,,,,,,,,,,,,,,,,,
265829,FFSU,XX,378,3627,5,20123,CLOPIDOGRE,193057.933,6476,149264.23,144772.79,4491.44,,,,,,,,,,,,,,,,,,,1,,,,,,,,,,,,,,,,,,,,,,,,,,,,,
265830,FFSU,XX,378,3627,5,20124,CLOPIDOGRE,215090,7111,113830.5,109057.23,4773.27,,,,,,,,,,,,,,,,,,,,1,,,,,,,,,,,,,,,,,,,,,,,,,,,,
265831,FFSU,XX,378,3627,77,20122,CLOPIDOGRE,155032,4905,199951.18,189629.18,10322,,,,,,,,,,,,,,,,,,1,,,,,,,,,,,,,,,,,,,,,,,,,,,,,,
265832,FFSU,XX,378,3627,77,20123,CLOPIDOGRE,585485,18448,396028.89,372371.38,23657.51,,,,,,,,,,,,,,,,,,,1,,,,,,,,,,,,,,,,,,,,,,,,,,,,,
265833,FFSU,XX,378,3627,77,20124,CLOPIDOGRE,675993.25,21100,324442.6,303132.45,21310.15,,,,,,,,,,,,,,,,,,,,1,,,,,,,,,,,,,,,,,,,,,,,,,,,,
265834,FFSU,XX,378,3627,93,20122,CLOPIDOGRE,109183.001,3524,182972.16,174870.68,8101.48,,,,,,,,,,,,,,,,,,1,,,,,,,,,,,,,,,,,,,,,,,,,,,,,,
265835,FFSU,XX,378,3627,93,20123,CLOPIDOGRE,271956.001,8797,250802.39,241328.21,9474.18,,,,,,,,,,,,,,,,,,,1,,,,,,,,,,,,,,,,,,,,,,,,,,,,,
265836,FFSU,XX,378,3627,93,20124,CLOPIDOGRE,248049,7989,129690.54,123153.1,6537.44,,,,,,,,,,,,,,,,,,,,1,,,,,,,,,,,,,,,,,,,,,,,,,,,,
392083,MCOU,XX,378,3627,5,20122,CLOPIDOGRE,50443,1689,138468.32,137013.04,1455.28,,,,,,,,,,,,,,,,,,,,,,1,,,,,,,,,,,,,,,,,,,,,,,,,,
392084,MCOU,XX,378,3627,5,20123,CLOPIDOGRE,167981,5569,217088.22,216357.25,730.97,,,,,,,,,,,,,,,,,,,,,,,1,,,,,,,,,,,,,,,,,,,,,,,,,
392085,MCOU,XX,378,3627,5,20124,CLOPIDOGRE,194273,6332,233657.92,233082.14,575.78,,,,,,,,,,,,,,,,,,,,,,,,1,,,,,,,,,,,,,,,,,,,,,,,,
392086,MCOU,XX,378,3627,77,20122,CLOPIDOGRE,260577,8639,629917.21,619723.91,10193.3,,,,,,,,,,,,,,,,,,,,,,1,,,,,,,,,,,,,,,,,,,,,,,,,,
392087,MCOU,XX,378,3627,77,20123,CLOPIDOGRE,764860.001,25232,1067228.53,1060099.99,7128.54,,,,,,,,,,,,,,,,,,,,,,,1,,,,,,,,,,,,,,,,,,,,,,,,,
392088,MCOU,XX,378,3627,77,20124,CLOPIDOGRE,743872.976,24449,998101.61,991100.4,7001.21,,,,,,,,,,,,,,,,,,,,,,,,1,,,,,,,,,,,,,,,,,,,,,,,,
392089,MCOU,XX,378,3627,93,20122,CLOPIDOGRE,218686,7315,534995.54,531941.3,3054.24,,,,,,,,,,,,,,,,,,,,,,1,,,,,,,,,,,,,,,,,,,,,,,,,,
392090,MCOU,XX,378,3627,93,20123,CLOPIDOGRE,532852,17776,685909.74,684770.82,1138.92,,,,,,,,,,,,,,,,,,,,,,,1,,,,,,,,,,,,,,,,,,,,,,,,,
392091,MCOU,XX,378,3627,93,20124,CLOPIDOGRE,505715,16834,635993.66,635331.53,662.13,,,,,,,,,,,,,,,,,,,,,,,,1,,,,,,,,,,,,,,,,,,,,,,,,
512307,FFSU,XX,378,3627,5,20131,CLOPIDOGRE,195994.001,6599,101279.75,96025.05,5254.7,,,,,,,,,,,,,,,,,,,,,,,,,,,,,,,,,1,,,,,,,,,,,,,,,
512308,FFSU,XX,378,3627,5,20132,CLOPIDOGRE,209227,7108,101361.01,96842.5,4518.51,,,,,,,,,,,,,,,,,,,,,,,,,,,,,,,,,,1,,,,,,,,,,,,,,
512309,FFSU,XX,378,3627,5,20133,CLOPIDOGRE,229937,7781,106339.14,101249.66,5089.48,,,,,,,,,,,,,,,,,,,,,,,,,,,,,,,,,,,1,,,,,,,,,,,,,
512310,FFSU,XX,378,3627,5,20134,CLOPIDOGRE,246218,8266,113666.76,108837.48,4829.28,,,,,,,,,,,,,,,,,,,,,,,,,,,,,,,,,,,,1,,,,,,,,,,,,
512311,FFSU,XX,378,3627,77,20131,CLOPIDOGRE,657559.766,20559,326169.64,297864.29,28305.35,,,,,,,,,,,,,,,,,,,,,,,,,,,,,,,,,1,,,,,,,,,,,,,,,
512312,FFSU,XX,378,3627,77,20132,CLOPIDOGRE,626106.9,19458,296756.25,273109.71,23646.54,,,,,,,,,,,,,,,,,,,,,,,,,,,,,,,,,,1,,,,,,,,,,,,,,
512313,FFSU,XX,378,3627,77,20133,CLOPIDOGRE,607290.6,18615,283455.26,267427.83,16027.43,,,,,,,,,,,,,,,,,,,,,,,,,,,,,,,,,,,1,,,,,,,,,,,,,
512314,FFSU,XX,378,3627,77,20134,CLOPIDOGRE,395972.001,12214,177090.54,166474.79,10615.75,,,,,,,,,,,,,,,,,,,,,,,,,,,,,,,,,,,,1,,,,,,,,,,,,
512315,FFSU,XX,378,3627,93,20131,CLOPIDOGRE,230547,7442,120962.45,113096.09,7866.36,,,,,,,,,,,,,,,,,,,,,,,,,,,,,,,,,1,,,,,,,,,,,,,,,
512316,FFSU,XX,378,3627,93,20132,CLOPIDOGRE,218371,7015,106717.62,99967.24,6750.38,,,,,,,,,,,,,,,,,,,,,,,,,,,,,,,,,,1,,,,,,,,,,,,,,
512317,FFSU,XX,378,3627,93,20133,CLOPIDOGRE,199082,6351,104362.18,98765.33,5596.85,,,,,,,,,,,,,,,,,,,,,,,,,,,,,,,,,,,1,,,,,,,,,,,,,
512318,FFSU,XX,378,3627,93,20134,CLOPIDOGRE,193101,6104,86966.62,80826.68,6139.94,,,,,,,,,,,,,,,,,,,,,,,,,,,,,,,,,,,,1,,,,,,,,,,,,
640025,MCOU,XX,378,3627,5,20131,CLOPIDOGRE,215630.39,6776,247515.89,245763.67,1752.22,,,,,,,,,,,,,,,,,,,,,,,,,,,,,,,,,,,,,1,,,,,,,,,,,
640026,MCOU,XX,378,3627,5,20132,CLOPIDOGRE,226316,7414,214773.98,208266.35,6507.63,,,,,,,,,,,,,,,,,,,,,,,,,,,,,,,,,,,,,,1,,,,,,,,,,
640027,MCOU,XX,378,3627,5,20133,CLOPIDOGRE,241553.141,8029,178148.42,176940.26,1208.16,,,,,,,,,,,,,,,,,,,,,,,,,,,,,,,,,,,,,,,1,,,,,,,,,
640028,MCOU,XX,378,3627,5,20134,CLOPIDOGRE,263913.001,8783,184915.49,183521.94,1393.55,,,,,,,,,,,,,,,,,,,,,,,,,,,,,,,,,,,,,,,,1,,,,,,,,
640029,MCOU,XX,378,3627,77,20131,CLOPIDOGRE,850636.736,27525,1124346.52,1076854.33,47492.19,,,,,,,,,,,,,,,,,,,,,,,,,,,,,,,,,,,,,1,,,,,,,,,,,
640030,MCOU,XX,378,3627,77,20132,CLOPIDOGRE,790523.002,25742,781672.44,764474.82,17197.62,,,,,,,,,,,,,,,,,,,,,,,,,,,,,,,,,,,,,,1,,,,,,,,,,
640031,MCOU,XX,378,3627,77,20133,CLOPIDOGRE,770563.001,25038,639854.78,635473.42,4381.36,,,,,,,,,,,,,,,,,,,,,,,,,,,,,,,,,,,,,,,1,,,,,,,,,
640032,MCOU,XX,378,3627,77,20134,CLOPIDOGRE,506751.002,16477,405267.16,402053.45,3213.71,,,,,,,,,,,,,,,,,,,,,,,,,,,,,,,,,,,,,,,,1,,,,,,,,
640033,MCOU,XX,378,3627,93,20131,CLOPIDOGRE,645958.331,18824,776823.11,763866.7,12956.41,,,,,,,,,,,,,,,,,,,,,,,,,,,,,,,,,,,,,1,,,,,,,,,,,
640034,MCOU,XX,378,3627,93,20132,CLOPIDOGRE,509112.691,16805,505213.18,497882.27,7330.91,,,,,,,,,,,,,,,,,,,,,,,,,,,,,,,,,,,,,,1,,,,,,,,,,
640035,MCOU,XX,378,3627,93,20133,CLOPIDOGRE,466446,15347,345330.17,344141.25,1188.92,,,,,,,,,,,,,,,,,,,,,,,,,,,,,,,,,,,,,,,1,,,,,,,,,
640036,MCOU,XX,378,3627,93,20134,CLOPIDOGRE,460165,15214,327145.46,325830.6,1314.86,,,,,,,,,,,,,,,,,,,,,,,,,,,,,,,,,,,,,,,,1,,,,,,,,
291924,FFSU,XX,904,6294,61,20123,CLOPIDOGRE,43.6,12,126.45,126.45,0,,,,,,,,,,,,,,,,,,,1,,,,,,,,,,,,,,,,,,,,,,,,,,,,,
291925,FFSU,XX,904,6294,61,20124,CLOPIDOGRE,1313.81,86,2082.8,2050.8,32,,,,,,,,,,,,,,,,,,,,1,,,,,,,,,,,,,,,,,,,,,,,,,,,,
416912,MCOU,XX,904,6294,61,20123,CLOPIDOGRE,36,7,17662.32,17662.32,0,,,,,,,,,,,,,,,,,,,,,,,1,,,,,,,,,,,,,,,,,,,,,,,,,
416913,MCOU,XX,904,6294,61,20124,CLOPIDOGRE,308,17,8504.24,8503.24,1,,,,,,,,,,,,,,,,,,,,,,,,1,,,,,,,,,,,,,,,,,,,,,,,,
538371,FFSU,XX,904,6294,61,20131,CLOPIDOGRE,1880.21,101,7135.78,7125.58,10.2,,,,,,,,,,,,,,,,,,,,,,,,,,,,,,,,,1,,,,,,,,,,,,,,,
538372,FFSU,XX,904,6294,61,20132,CLOPIDOGRE,535.2,60,2233.56,2224.61,8.95,,,,,,,,,,,,,,,,,,,,,,,,,,,,,,,,,,1,,,,,,,,,,,,,,
538373,FFSU,XX,904,6294,61,20133,CLOPIDOGRE,1005.6,105,1743.69,1733.01,10.68,,,,,,,,,,,,,,,,,,,,,,,,,,,,,,,,,,,1,,,,,,,,,,,,,
538374,FFSU,XX,904,6294,61,20134,CLOPIDOGRE,1143.6,81,620.19,609.14,11.05,,,,,,,,,,,,,,,,,,,,,,,,,,,,,,,,,,,,1,,,,,,,,,,,,
665842,MCOU,XX,904,6294,61,20131,CLOPIDOGRE,350,20,5887.14,5887.14,0,,,,,,,,,,,,,,,,,,,,,,,,,,,,,,,,,,,,,1,,,,,,,,,,,
665843,MCOU,XX,904,6294,61,20132,CLOPIDOGRE,100,6,5632.42,5632.42,0,,,,,,,,,,,,,,,,,,,,,,,,,,,,,,,,,,,,,,1,,,,,,,,,,
665844,MCOU,XX,904,6294,61,20133,CLOPIDOGRE,126,9,5171.55,5170.55,1,,,,,,,,,,,,,,,,,,,,,,,,,,,,,,,,,,,,,,,1,,,,,,,,,
665845,MCOU,XX,904,6294,61,20134,CLOPIDOGRE,346,17,4954.99,4953.99,1,,,,,,,,,,,,,,,,,,,,,,,,,,,,,,,,,,,,,,,,1,,,,,,,,
296256,FFSU,XX,13668,141,5,20122,CLOPIDOGRE,11287,362,15844.93,15324.29,520.64,,,,,,,,,,,,,,,,,,1,,,,,,,,,,,,,,,,,,,,,,,,,,,,,,
296257,FFSU,XX,13668,141,5,20123,CLOPIDOGRE,105108,3471,133723.65,130757.12,2966.53,,,,,,,,,,,,,,,,,,,1,,,,,,,,,,,,,,,,,,,,,,,,,,,,,
296258,FFSU,XX,13668,141,5,20124,CLOPIDOGRE,64419,2153,34823.7,33672.88,1150.82,,,,,,,,,,,,,,,,,,,,1,,,,,,,,,,,,,,,,,,,,,,,,,,,,
296259,FFSU,XX,13668,141,30,20122,CLOPIDOGRE,2822,93,3074.59,3050.59,24,,,,,,,,,,,,,,,,,,1,,,,,,,,,,,,,,,,,,,,,,,,,,,,,,
296260,FFSU,XX,13668,141,30,20123,CLOPIDOGRE,37277,1158,98165.36,97707.46,457.9,,,,,,,,,,,,,,,,,,,1,,,,,,,,,,,,,,,,,,,,,,,,,,,,,
296261,FFSU,XX,13668,141,30,20124,CLOPIDOGRE,26135,832,13438.27,13034.37,403.9,,,,,,,,,,,,,,,,,,,,1,,,,,,,,,,,,,,,,,,,,,,,,,,,,
296262,FFSU,XX,13668,141,90,20122,CLOPIDOGRE,8097,247,14413.01,14041.85,371.16,,,,,,,,,,,,,,,,,,1,,,,,,,,,,,,,,,,,,,,,,,,,,,,,,
296263,FFSU,XX,13668,141,90,20123,CLOPIDOGRE,75097,2343,90515.27,88622.06,1893.21,,,,,,,,,,,,,,,,,,,1,,,,,,,,,,,,,,,,,,,,,,,,,,,,,
296264,FFSU,XX,13668,141,90,20124,CLOPIDOGRE,98858,3140,56699.91,54792.11,1907.8,,,,,,,,,,,,,,,,,,,,1,,,,,,,,,,,,,,,,,,,,,,,,,,,,
420749,MCOU,XX,13668,141,5,20122,CLOPIDOGRE,12738,428,29504.75,29291.65,213.1,,,,,,,,,,,,,,,,,,,,,,1,,,,,,,,,,,,,,,,,,,,,,,,,,
420750,MCOU,XX,13668,141,5,20123,CLOPIDOGRE,74648,2502,144319.78,143845.19,474.59,,,,,,,,,,,,,,,,,,,,,,,1,,,,,,,,,,,,,,,,,,,,,,,,,
420751,MCOU,XX,13668,141,5,20124,CLOPIDOGRE,44317,1480,71283.24,71078.74,204.5,,,,,,,,,,,,,,,,,,,,,,,,1,,,,,,,,,,,,,,,,,,,,,,,,
420752,MCOU,XX,13668,141,30,20122,CLOPIDOGRE,5539,186,16060.32,15943.32,117,,,,,,,,,,,,,,,,,,,,,,1,,,,,,,,,,,,,,,,,,,,,,,,,,
420753,MCOU,XX,13668,141,30,20123,CLOPIDOGRE,38467,1291,94341.63,94175.89,165.74,,,,,,,,,,,,,,,,,,,,,,,1,,,,,,,,,,,,,,,,,,,,,,,,,
420754,MCOU,XX,13668,141,30,20124,CLOPIDOGRE,37638,1268,74429.19,74243.08,186.11,,,,,,,,,,,,,,,,,,,,,,,,1,,,,,,,,,,,,,,,,,,,,,,,,
420755,MCOU,XX,13668,141,90,20122,CLOPIDOGRE,9823,328,23679.23,23565.23,114,,,,,,,,,,,,,,,,,,,,,,1,,,,,,,,,,,,,,,,,,,,,,,,,,
420756,MCOU,XX,13668,141,90,20123,CLOPIDOGRE,63180,2101,114186.83,113745.68,441.15,,,,,,,,,,,,,,,,,,,,,,,1,,,,,,,,,,,,,,,,,,,,,,,,,
420757,MCOU,XX,13668,141,90,20124,CLOPIDOGRE,78575,2622,122260.55,121846.08,414.47,,,,,,,,,,,,,,,,,,,,,,,,1,,,,,,,,,,,,,,,,,,,,,,,,
542615,FFSU,XX,13668,141,5,20131,CLOPIDOGRE,76712,2540,38085.12,36093.14,1991.98,,,,,,,,,,,,,,,,,,,,,,,,,,,,,,,,,1,,,,,,,,,,,,,,,
542616,FFSU,XX,13668,141,5,20132,CLOPIDOGRE,120774,3917,55832.48,52129.64,3702.84,,,,,,,,,,,,,,,,,,,,,,,,,,,,,,,,,,1,,,,,,,,,,,,,,
542617,FFSU,XX,13668,141,5,20133,CLOPIDOGRE,116399,3779,50650.51,47638.9,3011.61,,,,,,,,,,,,,,,,,,,,,,,,,,,,,,,,,,,1,,,,,,,,,,,,,
542618,FFSU,XX,13668,141,5,20134,CLOPIDOGRE,122051.38,3936,54391.2,52182.35,2208.85,,,,,,,,,,,,,,,,,,,,,,,,,,,,,,,,,,,,1,,,,,,,,,,,,
542619,FFSU,XX,13668,141,30,20131,CLOPIDOGRE,17618,561,8079.22,7773.64,305.58,,,,,,,,,,,,,,,,,,,,,,,,,,,,,,,,,1,,,,,,,,,,,,,,,
542620,FFSU,XX,13668,141,30,20132,CLOPIDOGRE,30356,1002,13222.95,12680.25,542.7,,,,,,,,,,,,,,,,,,,,,,,,,,,,,,,,,,1,,,,,,,,,,,,,,
542621,FFSU,XX,13668,141,30,20133,CLOPIDOGRE,36540,1201,15725.2,14657.32,1067.88,,,,,,,,,,,,,,,,,,,,,,,,,,,,,,,,,,,1,,,,,,,,,,,,,
542622,FFSU,XX,13668,141,30,20134,CLOPIDOGRE,21636,700,12334.33,11946.88,387.45,,,,,,,,,,,,,,,,,,,,,,,,,,,,,,,,,,,,1,,,,,,,,,,,,
542623,FFSU,XX,13668,141,90,20131,CLOPIDOGRE,79551,2519,41380.96,39812.31,1568.65,,,,,,,,,,,,,,,,,,,,,,,,,,,,,,,,,1,,,,,,,,,,,,,,,
542624,FFSU,XX,13668,141,90,20132,CLOPIDOGRE,68932,2186,31840.05,30371.49,1468.56,,,,,,,,,,,,,,,,,,,,,,,,,,,,,,,,,,1,,,,,,,,,,,,,,
542625,FFSU,XX,13668,141,90,20133,CLOPIDOGRE,49383,1554,20865.44,18725.27,2140.17,,,,,,,,,,,,,,,,,,,,,,,,,,,,,,,,,,,1,,,,,,,,,,,,,
542626,FFSU,XX,13668,141,90,20134,CLOPIDOGRE,70467,2365,35691.33,33464.74,2226.59,,,,,,,,,,,,,,,,,,,,,,,,,,,,,,,,,,,,1,,,,,,,,,,,,
669926,MCOU,XX,13668,141,5,20131,CLOPIDOGRE,63979.03,2141,72395.8,70359.42,2036.38,,,,,,,,,,,,,,,,,,,,,,,,,,,,,,,,,,,,,1,,,,,,,,,,,
669927,MCOU,XX,13668,141,5,20132,CLOPIDOGRE,92137,3060,71538.69,70332.11,1206.58,,,,,,,,,,,,,,,,,,,,,,,,,,,,,,,,,,,,,,1,,,,,,,,,,
669928,MCOU,XX,13668,141,5,20133,CLOPIDOGRE,85159,2839,58122.43,57742.69,379.74,,,,,,,,,,,,,,,,,,,,,,,,,,,,,,,,,,,,,,,1,,,,,,,,,
669929,MCOU,XX,13668,141,5,20134,CLOPIDOGRE,130015,4290,89231.26,88386.39,844.87,,,,,,,,,,,,,,,,,,,,,,,,,,,,,,,,,,,,,,,,1,,,,,,,,
669930,MCOU,XX,13668,141,30,20131,CLOPIDOGRE,34717.03,1171,45090.98,44073.02,1017.96,,,,,,,,,,,,,,,,,,,,,,,,,,,,,,,,,,,,,1,,,,,,,,,,,
669931,MCOU,XX,13668,141,30,20132,CLOPIDOGRE,49146,1644,38414.42,38085.03,329.39,,,,,,,,,,,,,,,,,,,,,,,,,,,,,,,,,,,,,,1,,,,,,,,,,
669932,MCOU,XX,13668,141,30,20133,CLOPIDOGRE,49731,1683,34975.07,34748.16,226.91,,,,,,,,,,,,,,,,,,,,,,,,,,,,,,,,,,,,,,,1,,,,,,,,,
669933,MCOU,XX,13668,141,30,20134,CLOPIDOGRE,35272,1179,24377.37,24149.48,227.89,,,,,,,,,,,,,,,,,,,,,,,,,,,,,,,,,,,,,,,,1,,,,,,,,
669934,MCOU,XX,13668,141,90,20131,CLOPIDOGRE,77813.5,2593,87040.29,84261.34,2778.95,,,,,,,,,,,,,,,,,,,,,,,,,,,,,,,,,,,,,1,,,,,,,,,,,
669935,MCOU,XX,13668,141,90,20132,CLOPIDOGRE,75285,2499,53242.26,52617.5,624.76,,,,,,,,,,,,,,,,,,,,,,,,,,,,,,,,,,,,,,1,,,,,,,,,,
669936,MCOU,XX,13668,141,90,20133,CLOPIDOGRE,63067,2095,39316.08,39063.46,252.62,,,,,,,,,,,,,,,,,,,,,,,,,,,,,,,,,,,,,,,1,,,,,,,,,
669937,MCOU,XX,13668,141,90,20134,CLOPIDOGRE,55266,1831,37087.4,36772.39,315.01,,,,,,,,,,,,,,,,,,,,,,,,,,,,,,,,,,,,,,,,1,,,,,,,,
311849,FFSU,XX,47335,894,13,20122,CLOPIDOGRE,12975,423,12229.24,10657.13,1572.11,,,,,,,,,,,,,,,,,,1,,,,,,,,,,,,,,,,,,,,,,,,,,,,,,
311850,FFSU,XX,47335,894,13,20123,CLOPIDOGRE,133577,4381,74988.4,65316.93,9671.47,,,,,,,,,,,,,,,,,,,1,,,,,,,,,,,,,,,,,,,,,,,,,,,,,
311851,FFSU,XX,47335,894,13,20124,CLOPIDOGRE,195954,6462,90251.08,79001.27,11249.81,,,,,,,,,,,,,,,,,,,,1,,,,,,,,,,,,,,,,,,,,,,,,,,,,
311852,FFSU,XX,47335,894,81,20122,CLOPIDOGRE,14530,470,12618.78,10275.72,2343.06,,,,,,,,,,,,,,,,,,1,,,,,,,,,,,,,,,,,,,,,,,,,,,,,,
311853,FFSU,XX,47335,894,81,20123,CLOPIDOGRE,155332,5001,90246.2,77356.63,12889.57,,,,,,,,,,,,,,,,,,,1,,,,,,,,,,,,,,,,,,,,,,,,,,,,,
311854,FFSU,XX,47335,894,81,20124,CLOPIDOGRE,192247,6192,88831.47,77558.51,11272.96,,,,,,,,,,,,,,,,,,,,1,,,,,,,,,,,,,,,,,,,,,,,,,,,,
311855,FFSU,XX,47335,894,83,20122,CLOPIDOGRE,21535,693,16384.48,14541.91,1842.57,,,,,,,,,,,,,,,,,,1,,,,,,,,,,,,,,,,,,,,,,,,,,,,,,
311856,FFSU,XX,47335,894,83,20123,CLOPIDOGRE,147579.001,4733,80976.09,71710.77,9265.32,,,,,,,,,,,,,,,,,,,1,,,,,,,,,,,,,,,,,,,,,,,,,,,,,
311857,FFSU,XX,47335,894,83,20124,CLOPIDOGRE,153905.05,4983,71363.55,63269.54,8094.01,,,,,,,,,,,,,,,,,,,,1,,,,,,,,,,,,,,,,,,,,,,,,,,,,
435117,MCOU,XX,47335,894,13,20122,CLOPIDOGRE,8436,289,14452.59,14212.38,240.21,,,,,,,,,,,,,,,,,,,,,,1,,,,,,,,,,,,,,,,,,,,,,,,,,
435118,MCOU,XX,47335,894,13,20123,CLOPIDOGRE,82842,2747,126468.67,125833.45,635.22,,,,,,,,,,,,,,,,,,,,,,,1,,,,,,,,,,,,,,,,,,,,,,,,,
435119,MCOU,XX,47335,894,13,20124,CLOPIDOGRE,129426,4268,171543.6,170884.59,659.01,,,,,,,,,,,,,,,,,,,,,,,,1,,,,,,,,,,,,,,,,,,,,,,,,
435120,MCOU,XX,47335,894,81,20122,CLOPIDOGRE,12221,407,21728.87,21642.87,86,,,,,,,,,,,,,,,,,,,,,,1,,,,,,,,,,,,,,,,,,,,,,,,,,
435121,MCOU,XX,47335,894,81,20123,CLOPIDOGRE,123094,4086,180079.42,179167.89,911.53,,,,,,,,,,,,,,,,,,,,,,,1,,,,,,,,,,,,,,,,,,,,,,,,,
435122,MCOU,XX,47335,894,81,20124,CLOPIDOGRE,142999,4737,191398.13,190720.96,677.17,,,,,,,,,,,,,,,,,,,,,,,,1,,,,,,,,,,,,,,,,,,,,,,,,
435123,MCOU,XX,47335,894,83,20122,CLOPIDOGRE,22571,755,42233.23,42097.78,135.45,,,,,,,,,,,,,,,,,,,,,,1,,,,,,,,,,,,,,,,,,,,,,,,,,
435124,MCOU,XX,47335,894,83,20123,CLOPIDOGRE,141568,4703,210700.21,209694.59,1005.62,,,,,,,,,,,,,,,,,,,,,,,1,,,,,,,,,,,,,,,,,,,,,,,,,
435125,MCOU,XX,47335,894,83,20124,CLOPIDOGRE,148441,4907,208201.23,207136.4,1064.83,,,,,,,,,,,,,,,,,,,,,,,,1,,,,,,,,,,,,,,,,,,,,,,,,
559869,FFSU,XX,47335,894,13,20131,CLOPIDOGRE,222837,7320,102626.07,90616.08,12009.99,,,,,,,,,,,,,,,,,,,,,,,,,,,,,,,,,1,,,,,,,,,,,,,,,
559870,FFSU,XX,47335,894,13,20132,CLOPIDOGRE,263550.4,8690,111701.13,98425.52,13275.61,,,,,,,,,,,,,,,,,,,,,,,,,,,,,,,,,,1,,,,,,,,,,,,,,
559871,FFSU,XX,47335,894,13,20133,CLOPIDOGRE,337150,11059,139500.73,125936.89,13563.84,,,,,,,,,,,,,,,,,,,,,,,,,,,,,,,,,,,1,,,,,,,,,,,,,
559872,FFSU,XX,47335,894,13,20134,CLOPIDOGRE,372036,12077,145466.97,132179.82,13287.15,,,,,,,,,,,,,,,,,,,,,,,,,,,,,,,,,,,,1,,,,,,,,,,,,
559873,FFSU,XX,47335,894,81,20131,CLOPIDOGRE,179020.6,5742,79947.6,70052.75,9894.85,,,,,,,,,,,,,,,,,,,,,,,,,,,,,,,,,1,,,,,,,,,,,,,,,
559874,FFSU,XX,47335,894,81,20132,CLOPIDOGRE,150651,4787,59046.68,50802.37,8244.31,,,,,,,,,,,,,,,,,,,,,,,,,,,,,,,,,,1,,,,,,,,,,,,,,
559875,FFSU,XX,47335,894,81,20133,CLOPIDOGRE,131237.3,4212,51382.72,44264.96,7117.76,,,,,,,,,,,,,,,,,,,,,,,,,,,,,,,,,,,1,,,,,,,,,,,,,
559876,FFSU,XX,47335,894,81,20134,CLOPIDOGRE,192861.201,5845,70822.79,61759.3,9063.49,,,,,,,,,,,,,,,,,,,,,,,,,,,,,,,,,,,,1,,,,,,,,,,,,
559877,FFSU,XX,47335,894,83,20131,CLOPIDOGRE,120741.36,3939,54400.07,47955.05,6445.02,,,,,,,,,,,,,,,,,,,,,,,,,,,,,,,,,1,,,,,,,,,,,,,,,
559878,FFSU,XX,47335,894,83,20132,CLOPIDOGRE,101887.026,3301,41764.97,36341.35,5423.62,,,,,,,,,,,,,,,,,,,,,,,,,,,,,,,,,,1,,,,,,,,,,,,,,
559879,FFSU,XX,47335,894,83,20133,CLOPIDOGRE,85717.44,2776,32569.15,28877.27,3691.88,,,,,,,,,,,,,,,,,,,,,,,,,,,,,,,,,,,1,,,,,,,,,,,,,
559880,FFSU,XX,47335,894,83,20134,CLOPIDOGRE,136457.226,4299,48592.93,43671.15,4921.78,,,,,,,,,,,,,,,,,,,,,,,,,,,,,,,,,,,,1,,,,,,,,,,,,
686664,MCOU,XX,47335,894,13,20131,CLOPIDOGRE,202280.24,6496,237866.78,220127.97,17738.81,,,,,,,,,,,,,,,,,,,,,,,,,,,,,,,,,,,,,1,,,,,,,,,,,
686665,MCOU,XX,47335,894,13,20132,CLOPIDOGRE,246909.05,8033,205846.65,203082.71,2763.94,,,,,,,,,,,,,,,,,,,,,,,,,,,,,,,,,,,,,,1,,,,,,,,,,
686666,MCOU,XX,47335,894,13,20133,CLOPIDOGRE,315980.3,10384,239766.56,237872.3,1894.26,,,,,,,,,,,,,,,,,,,,,,,,,,,,,,,,,,,,,,,1,,,,,,,,,
686667,MCOU,XX,47335,894,13,20134,CLOPIDOGRE,362707.8,12018,266437.86,263738.62,2699.24,,,,,,,,,,,,,,,,,,,,,,,,,,,,,,,,,,,,,,,,1,,,,,,,,
686668,MCOU,XX,47335,894,81,20131,CLOPIDOGRE,171514.99,5524,190862.56,181814.49,9048.07,,,,,,,,,,,,,,,,,,,,,,,,,,,,,,,,,,,,,1,,,,,,,,,,,
686669,MCOU,XX,47335,894,81,20132,CLOPIDOGRE,155412,5106,126886.24,125619.61,1266.63,,,,,,,,,,,,,,,,,,,,,,,,,,,,,,,,,,,,,,1,,,,,,,,,,
686670,MCOU,XX,47335,894,81,20133,CLOPIDOGRE,122919,4050,94672.72,93778.14,894.58,,,,,,,,,,,,,,,,,,,,,,,,,,,,,,,,,,,,,,,1,,,,,,,,,
686671,MCOU,XX,47335,894,81,20134,CLOPIDOGRE,166770.333,5476,119285.95,117595.47,1690.48,,,,,,,,,,,,,,,,,,,,,,,,,,,,,,,,,,,,,,,,1,,,,,,,,
686672,MCOU,XX,47335,894,83,20131,CLOPIDOGRE,154410.3,4549,170985.21,165727.42,5257.79,,,,,,,,,,,,,,,,,,,,,,,,,,,,,,,,,,,,,1,,,,,,,,,,,
686673,MCOU,XX,47335,894,83,20132,CLOPIDOGRE,126535,4055,114276.77,112894.34,1382.43,,,,,,,,,,,,,,,,,,,,,,,,,,,,,,,,,,,,,,1,,,,,,,,,,
686674,MCOU,XX,47335,894,83,20133,CLOPIDOGRE,89990,2965,70687.64,69923.05,764.59,,,,,,,,,,,,,,,,,,,,,,,,,,,,,,,,,,,,,,,1,,,,,,,,,
686675,MCOU,XX,47335,894,83,20134,CLOPIDOGRE,135485,4476,95311.48,94502.26,809.22,,,,,,,,,,,,,,,,,,,,,,,,,,,,,,,,,,,,,,,,1,,,,,,,,
319713,FFSU,XX,51079,557,1,20123,CLOPIDOGRE,68,5,30.49,30.49,0,,,,,,,,,,,,,,,,,,,1,,,,,,,,,,,,,,,,,,,,,,,,,,,,,
319714,FFSU,XX,51079,557,1,20124,CLOPIDOGRE,424,15,98.38,98.38,0,,,,,,,,,,,,,,,,,,,,1,,,,,,,,,,,,,,,,,,,,,,,,,,,,
319715,FFSU,XX,51079,557,20,20122,CLOPIDOGRE,458,18,194.13,192.13,2,,,,,,,,,,,,,,,,,,1,,,,,,,,,,,,,,,,,,,,,,,,,,,,,,
319716,FFSU,XX,51079,557,20,20123,CLOPIDOGRE,2882,156,1251.94,1244.94,7,,,,,,,,,,,,,,,,,,,1,,,,,,,,,,,,,,,,,,,,,,,,,,,,,
319717,FFSU,XX,51079,557,20,20124,CLOPIDOGRE,4099.23,233,1969.63,1923.73,45.9,,,,,,,,,,,,,,,,,,,,1,,,,,,,,,,,,,,,,,,,,,,,,,,,,
442633,MCOU,XX,51079,557,1,20122,CLOPIDOGRE,29,1,8.81,8.81,0,,,,,,,,,,,,,,,,,,,,,,1,,,,,,,,,,,,,,,,,,,,,,,,,,
442634,MCOU,XX,51079,557,1,20123,CLOPIDOGRE,101,4,1139.21,1139.21,0,,,,,,,,,,,,,,,,,,,,,,,1,,,,,,,,,,,,,,,,,,,,,,,,,
442635,MCOU,XX,51079,557,1,20124,CLOPIDOGRE,2,2,19.61,19.61,0,,,,,,,,,,,,,,,,,,,,,,,,1,,,,,,,,,,,,,,,,,,,,,,,,
442636,MCOU,XX,51079,557,20,20122,CLOPIDOGRE,1170,39,381.32,381.32,0,,,,,,,,,,,,,,,,,,,,,,1,,,,,,,,,,,,,,,,,,,,,,,,,,
442637,MCOU,XX,51079,557,20,20123,CLOPIDOGRE,2327,98,851.93,851.93,0,,,,,,,,,,,,,,,,,,,,,,,1,,,,,,,,,,,,,,,,,,,,,,,,,
442638,MCOU,XX,51079,557,20,20124,CLOPIDOGRE,1359,67,2930.96,2927.31,3.65,,,,,,,,,,,,,,,,,,,,,,,,1,,,,,,,,,,,,,,,,,,,,,,,,
567585,FFSU,XX,51079,557,1,20131,CLOPIDOGRE,8,5,60.07,60.07,0,,,,,,,,,,,,,,,,,,,,,,,,,,,,,,,,,1,,,,,,,,,,,,,,,
567586,FFSU,XX,51079,557,1,20132,CLOPIDOGRE,5,5,38.55,38.55,0,,,,,,,,,,,,,,,,,,,,,,,,,,,,,,,,,,1,,,,,,,,,,,,,,
567587,FFSU,XX,51079,557,1,20133,CLOPIDOGRE,3,2,10.04,10.04,0,,,,,,,,,,,,,,,,,,,,,,,,,,,,,,,,,,,1,,,,,,,,,,,,,
567588,FFSU,XX,51079,557,1,20134,CLOPIDOGRE,13,9,82.08,82.08,0,,,,,,,,,,,,,,,,,,,,,,,,,,,,,,,,,,,,1,,,,,,,,,,,,
567589,FFSU,XX,51079,557,20,20131,CLOPIDOGRE,4729.38,255,2187.08,2158.08,29,,,,,,,,,,,,,,,,,,,,,,,,,,,,,,,,,1,,,,,,,,,,,,,,,
567590,FFSU,XX,51079,557,20,20132,CLOPIDOGRE,5063.28,254,2467.3,2434.3,33,,,,,,,,,,,,,,,,,,,,,,,,,,,,,,,,,,1,,,,,,,,,,,,,,
567591,FFSU,XX,51079,557,20,20133,CLOPIDOGRE,4914.15,269,2647.89,2621.45,26.44,,,,,,,,,,,,,,,,,,,,,,,,,,,,,,,,,,,1,,,,,,,,,,,,,
567592,FFSU,XX,51079,557,20,20134,CLOPIDOGRE,5028.49,279,2250.84,2219.78,31.06,,,,,,,,,,,,,,,,,,,,,,,,,,,,,,,,,,,,1,,,,,,,,,,,,
694484,MCOU,XX,51079,557,1,20131,CLOPIDOGRE,3,2,11.05,11.05,0,,,,,,,,,,,,,,,,,,,,,,,,,,,,,,,,,,,,,1,,,,,,,,,,,
694485,MCOU,XX,51079,557,1,20132,CLOPIDOGRE,7,7,85.86,85.86,0,,,,,,,,,,,,,,,,,,,,,,,,,,,,,,,,,,,,,,1,,,,,,,,,,
694486,MCOU,XX,51079,557,1,20133,CLOPIDOGRE,10,10,8540.94,8540.94,0,,,,,,,,,,,,,,,,,,,,,,,,,,,,,,,,,,,,,,,1,,,,,,,,,
694487,MCOU,XX,51079,557,1,20134,CLOPIDOGRE,8,5,28.94,28.94,0,,,,,,,,,,,,,,,,,,,,,,,,,,,,,,,,,,,,,,,,1,,,,,,,,
694488,MCOU,XX,51079,557,20,20131,CLOPIDOGRE,912,57,7605.11,7605.11,0,,,,,,,,,,,,,,,,,,,,,,,,,,,,,,,,,,,,,1,,,,,,,,,,,
694489,MCOU,XX,51079,557,20,20132,CLOPIDOGRE,895,86,4744.15,4744.15,0,,,,,,,,,,,,,,,,,,,,,,,,,,,,,,,,,,,,,,1,,,,,,,,,,
694490,MCOU,XX,51079,557,20,20133,CLOPIDOGRE,449,78,1190.98,1190.98,0,,,,,,,,,,,,,,,,,,,,,,,,,,,,,,,,,,,,,,,1,,,,,,,,,
694491,MCOU,XX,51079,557,20,20134,CLOPIDOGRE,1247,81,433.45,432.45,1,,,,,,,,,,,,,,,,,,,,,,,,,,,,,,,,,,,,,,,,1,,,,,,,,
319718,FFSU,XX,51079,558,3,20123,CLOPIDOGRE,2,1,19.88,19.88,0,,,,,,,,,,,,,,,,,,,1,,,,,,,,,,,,,,,,,,,,,,,,,,,,,
319719,FFSU,XX,51079,558,3,20124,CLOPIDOGRE,7,6,115.51,115.51,0,,,,,,,,,,,,,,,,,,,,1,,,,,,,,,,,,,,,,,,,,,,,,,,,,
442639,MCOU,XX,51079,558,3,20122,CLOPIDOGRE,30,1,626.4,626.4,0,,,,,,,,,,,,,,,,,,,,,,1,,,,,,,,,,,,,,,,,,,,,,,,,,
442640,MCOU,XX,51079,558,3,20123,CLOPIDOGRE,64,3,1223.33,1223.33,0,,,,,,,,,,,,,,,,,,,,,,,1,,,,,,,,,,,,,,,,,,,,,,,,,
442641,MCOU,XX,51079,558,3,20124,CLOPIDOGRE,39,6,6366.91,6244.7,122.21,,,,,,,,,,,,,,,,,,,,,,,,1,,,,,,,,,,,,,,,,,,,,,,,,
567593,FFSU,XX,51079,558,1,20131,CLOPIDOGRE,1,1,9.72,9.72,0,,,,,,,,,,,,,,,,,,,,,,,,,,,,,,,,,1,,,,,,,,,,,,,,,
567594,FFSU,XX,51079,558,3,20131,CLOPIDOGRE,19,13,527.57,527.57,0,,,,,,,,,,,,,,,,,,,,,,,,,,,,,,,,,1,,,,,,,,,,,,,,,
567595,FFSU,XX,51079,558,3,20132,CLOPIDOGRE,6,5,128.37,128.37,0,,,,,,,,,,,,,,,,,,,,,,,,,,,,,,,,,,1,,,,,,,,,,,,,,
567596,FFSU,XX,51079,558,3,20133,CLOPIDOGRE,5,4,193.44,193.44,0,,,,,,,,,,,,,,,,,,,,,,,,,,,,,,,,,,,1,,,,,,,,,,,,,
567597,FFSU,XX,51079,558,3,20134,CLOPIDOGRE,3.2,5,107.67,98.76,8.91,,,,,,,,,,,,,,,,,,,,,,,,,,,,,,,,,,,,1,,,,,,,,,,,,
694492,MCOU,XX,51079,558,3,20131,CLOPIDOGRE,4,3,5523.91,5507.37,16.54,,,,,,,,,,,,,,,,,,,,,,,,,,,,,,,,,,,,,1,,,,,,,,,,,
694493,MCOU,XX,51079,558,3,20132,CLOPIDOGRE,2,2,1125.82,1104.3,21.52,,,,,,,,,,,,,,,,,,,,,,,,,,,,,,,,,,,,,,1,,,,,,,,,,
694494,MCOU,XX,51079,558,3,20133,CLOPIDOGRE,8,4,5873.08,5780.75,92.33,,,,,,,,,,,,,,,,,,,,,,,,,,,,,,,,,,,,,,,1,,,,,,,,,
328046,FFSU,XX,55111,196,5,20122,CLOPIDOGRE,84953,2877,125925.44,119572.14,6353.3,,,,,,,,,,,,,,,,,,1,,,,,,,,,,,,,,,,,,,,,,,,,,,,,,
328047,FFSU,XX,55111,196,5,20123,CLOPIDOGRE,350888,11863,255939.56,241802.16,14137.4,,,,,,,,,,,,,,,,,,,1,,,,,,,,,,,,,,,,,,,,,,,,,,,,,
328048,FFSU,XX,55111,196,5,20124,CLOPIDOGRE,449930.651,15107,270122.69,255487.72,14634.97,,,,,,,,,,,,,,,,,,,,1,,,,,,,,,,,,,,,,,,,,,,,,,,,,
328049,FFSU,XX,55111,196,30,20122,CLOPIDOGRE,128823,4068,252602.88,248441.47,4161.41,,,,,,,,,,,,,,,,,,1,,,,,,,,,,,,,,,,,,,,,,,,,,,,,,
328050,FFSU,XX,55111,196,30,20123,CLOPIDOGRE,469067.001,14608,464779.39,455443.23,9336.16,,,,,,,,,,,,,,,,,,,1,,,,,,,,,,,,,,,,,,,,,,,,,,,,,
328051,FFSU,XX,55111,196,30,20124,CLOPIDOGRE,467054.7,14445,289545.1,282421.4,7123.7,,,,,,,,,,,,,,,,,,,,1,,,,,,,,,,,,,,,,,,,,,,,,,,,,
328052,FFSU,XX,55111,196,90,20122,CLOPIDOGRE,50350,1632,71525.99,68574.29,2951.7,,,,,,,,,,,,,,,,,,1,,,,,,,,,,,,,,,,,,,,,,,,,,,,,,
328053,FFSU,XX,55111,196,90,20123,CLOPIDOGRE,180357,5920,149627.37,143827.53,5799.84,,,,,,,,,,,,,,,,,,,1,,,,,,,,,,,,,,,,,,,,,,,,,,,,,
328054,FFSU,XX,55111,196,90,20124,CLOPIDOGRE,168424.081,5528,100272.29,95769,4503.29,,,,,,,,,,,,,,,,,,,,1,,,,,,,,,,,,,,,,,,,,,,,,,,,,
449860,MCOU,XX,55111,196,5,20122,CLOPIDOGRE,64522.001,2168,153683.06,150656.04,3027.02,,,,,,,,,,,,,,,,,,,,,,1,,,,,,,,,,,,,,,,,,,,,,,,,,
449861,MCOU,XX,55111,196,5,20123,CLOPIDOGRE,224445.001,7546,323717.42,322322.81,1394.61,,,,,,,,,,,,,,,,,,,,,,,1,,,,,,,,,,,,,,,,,,,,,,,,,
449862,MCOU,XX,55111,196,5,20124,CLOPIDOGRE,294571.002,9904,404517.72,403319.77,1197.95,,,,,,,,,,,,,,,,,,,,,,,,1,,,,,,,,,,,,,,,,,,,,,,,,
449863,MCOU,XX,55111,196,30,20122,CLOPIDOGRE,337589,11233,817927.84,813751.82,4176.02,,,,,,,,,,,,,,,,,,,,,,1,,,,,,,,,,,,,,,,,,,,,,,,,,
449864,MCOU,XX,55111,196,30,20123,CLOPIDOGRE,993281.993,32832,1357683.59,1353666.44,4017.15,,,,,,,,,,,,,,,,,,,,,,,1,,,,,,,,,,,,,,,,,,,,,,,,,
449865,MCOU,XX,55111,196,30,20124,CLOPIDOGRE,978363.942,32152,1282877.12,1278647.9,4229.22,,,,,,,,,,,,,,,,,,,,,,,,1,,,,,,,,,,,,,,,,,,,,,,,,
449866,MCOU,XX,55111,196,90,20122,CLOPIDOGRE,59173,1956,151682.52,150059.45,1623.07,,,,,,,,,,,,,,,,,,,,,,1,,,,,,,,,,,,,,,,,,,,,,,,,,
449867,MCOU,XX,55111,196,90,20123,CLOPIDOGRE,173898.002,5783,257405.24,256389.49,1015.75,,,,,,,,,,,,,,,,,,,,,,,1,,,,,,,,,,,,,,,,,,,,,,,,,
449868,MCOU,XX,55111,196,90,20124,CLOPIDOGRE,167480,5567,244920.44,243742.58,1177.86,,,,,,,,,,,,,,,,,,,,,,,,1,,,,,,,,,,,,,,,,,,,,,,,,
574453,FFSU,XX,55111,196,5,20131,CLOPIDOGRE,456546.544,15369,251188.67,241880.7,9307.97,,,,,,,,,,,,,,,,,,,,,,,,,,,,,,,,,1,,,,,,,,,,,,,,,
574454,FFSU,XX,55111,196,5,20132,CLOPIDOGRE,437977.34,14811,217186.3,209243.44,7942.86,,,,,,,,,,,,,,,,,,,,,,,,,,,,,,,,,,1,,,,,,,,,,,,,,
574455,FFSU,XX,55111,196,5,20133,CLOPIDOGRE,448895.732,15232,242677.48,235547.91,7129.57,,,,,,,,,,,,,,,,,,,,,,,,,,,,,,,,,,,1,,,,,,,,,,,,,
574456,FFSU,XX,55111,196,5,20134,CLOPIDOGRE,458212.909,15460,232701.2,224798.17,7903.03,,,,,,,,,,,,,,,,,,,,,,,,,,,,,,,,,,,,1,,,,,,,,,,,,
574457,FFSU,XX,55111,196,30,20131,CLOPIDOGRE,425306.1,13030,262012.56,251983.4,10029.16,,,,,,,,,,,,,,,,,,,,,,,,,,,,,,,,,1,,,,,,,,,,,,,,,
574458,FFSU,XX,55111,196,30,20132,CLOPIDOGRE,182444.5,5772,107925.2,104365.05,3560.15,,,,,,,,,,,,,,,,,,,,,,,,,,,,,,,,,,1,,,,,,,,,,,,,,
574459,FFSU,XX,55111,196,30,20133,CLOPIDOGRE,99088,3218,49284.69,47915.67,1369.02,,,,,,,,,,,,,,,,,,,,,,,,,,,,,,,,,,,1,,,,,,,,,,,,,
574460,FFSU,XX,55111,196,30,20134,CLOPIDOGRE,90318.2,2960,40516.51,39366.24,1150.27,,,,,,,,,,,,,,,,,,,,,,,,,,,,,,,,,,,,1,,,,,,,,,,,,
574461,FFSU,XX,55111,196,90,20131,CLOPIDOGRE,137751,4536,80929.7,77356.34,3573.36,,,,,,,,,,,,,,,,,,,,,,,,,,,,,,,,,1,,,,,,,,,,,,,,,
574462,FFSU,XX,55111,196,90,20132,CLOPIDOGRE,124382.002,4063,71749.78,69534.98,2214.8,,,,,,,,,,,,,,,,,,,,,,,,,,,,,,,,,,1,,,,,,,,,,,,,,
574463,FFSU,XX,55111,196,90,20133,CLOPIDOGRE,111288.167,3622,69643.13,67768.22,1874.91,,,,,,,,,,,,,,,,,,,,,,,,,,,,,,,,,,,1,,,,,,,,,,,,,
574464,FFSU,XX,55111,196,90,20134,CLOPIDOGRE,101373,3285,70080.99,68203.61,1877.38,,,,,,,,,,,,,,,,,,,,,,,,,,,,,,,,,,,,1,,,,,,,,,,,,
701263,MCOU,XX,55111,196,5,20131,CLOPIDOGRE,333482.361,11265,451394.8,423698.78,27696.02,,,,,,,,,,,,,,,,,,,,,,,,,,,,,,,,,,,,,1,,,,,,,,,,,
701264,MCOU,XX,55111,196,5,20132,CLOPIDOGRE,331849,10997,334996.53,327128.58,7867.95,,,,,,,,,,,,,,,,,,,,,,,,,,,,,,,,,,,,,,1,,,,,,,,,,
701265,MCOU,XX,55111,196,5,20133,CLOPIDOGRE,324951,10870,264908.29,262483.47,2424.82,,,,,,,,,,,,,,,,,,,,,,,,,,,,,,,,,,,,,,,1,,,,,,,,,
701266,MCOU,XX,55111,196,5,20134,CLOPIDOGRE,350537,11773,270899.76,267643.53,3256.23,,,,,,,,,,,,,,,,,,,,,,,,,,,,,,,,,,,,,,,,1,,,,,,,,
701267,MCOU,XX,55111,196,30,20131,CLOPIDOGRE,1056194.642,34807,1344613.79,1304496.93,40116.86,,,,,,,,,,,,,,,,,,,,,,,,,,,,,,,,,,,,,1,,,,,,,,,,,
701268,MCOU,XX,55111,196,30,20132,CLOPIDOGRE,453698,14767,493835.35,477605.42,16229.93,,,,,,,,,,,,,,,,,,,,,,,,,,,,,,,,,,,,,,1,,,,,,,,,,
701269,MCOU,XX,55111,196,30,20133,CLOPIDOGRE,253556,8440,227508.08,225599.96,1908.12,,,,,,,,,,,,,,,,,,,,,,,,,,,,,,,,,,,,,,,1,,,,,,,,,
701270,MCOU,XX,55111,196,30,20134,CLOPIDOGRE,138994,4613,141210.12,138731.9,2478.22,,,,,,,,,,,,,,,,,,,,,,,,,,,,,,,,,,,,,,,,1,,,,,,,,
701271,MCOU,XX,55111,196,90,20131,CLOPIDOGRE,160046.902,5400,229948.47,213917.59,16030.88,,,,,,,,,,,,,,,,,,,,,,,,,,,,,,,,,,,,,1,,,,,,,,,,,
701272,MCOU,XX,55111,196,90,20132,CLOPIDOGRE,144687,4765,170226.57,165959.26,4267.31,,,,,,,,,,,,,,,,,,,,,,,,,,,,,,,,,,,,,,1,,,,,,,,,,
701273,MCOU,XX,55111,196,90,20133,CLOPIDOGRE,128100,4302,124023.57,122722.5,1301.07,,,,,,,,,,,,,,,,,,,,,,,,,,,,,,,,,,,,,,,1,,,,,,,,,
701274,MCOU,XX,55111,196,90,20134,CLOPIDOGRE,117958.001,3993,112350.03,110932.55,1417.48,,,,,,,,,,,,,,,,,,,,,,,,,,,,,,,,,,,,,,,,1,,,,,,,,
328860,FFSU,XX,55111,671,31,20122,CLOPIDOGRE,5,3,104.57,104.57,0,,,,,,,,,,,,,,,,,,1,,,,,,,,,,,,,,,,,,,,,,,,,,,,,,
328861,FFSU,XX,55111,671,31,20123,CLOPIDOGRE,55,17,1322.44,1319.44,3,,,,,,,,,,,,,,,,,,,1,,,,,,,,,,,,,,,,,,,,,,,,,,,,,
328862,FFSU,XX,55111,671,31,20124,CLOPIDOGRE,99,19,2281.19,2271.54,9.65,,,,,,,,,,,,,,,,,,,,1,,,,,,,,,,,,,,,,,,,,,,,,,,,,
450713,MCOU,XX,55111,671,31,20122,CLOPIDOGRE,2,1,42.17,42.17,0,,,,,,,,,,,,,,,,,,,,,,1,,,,,,,,,,,,,,,,,,,,,,,,,,
450714,MCOU,XX,55111,671,31,20123,CLOPIDOGRE,3,2,477.91,477.91,0,,,,,,,,,,,,,,,,,,,,,,,1,,,,,,,,,,,,,,,,,,,,,,,,,
450715,MCOU,XX,55111,671,31,20124,CLOPIDOGRE,38,8,870.08,870.08,0,,,,,,,,,,,,,,,,,,,,,,,,1,,,,,,,,,,,,,,,,,,,,,,,,
575261,FFSU,XX,55111,671,6,20131,CLOPIDOGRE,2,2,12.54,12.54,0,,,,,,,,,,,,,,,,,,,,,,,,,,,,,,,,,1,,,,,,,,,,,,,,,
575262,FFSU,XX,55111,671,31,20131,CLOPIDOGRE,46,12,951.98,951.98,0,,,,,,,,,,,,,,,,,,,,,,,,,,,,,,,,,1,,,,,,,,,,,,,,,
575263,FFSU,XX,55111,671,31,20132,CLOPIDOGRE,5,3,115.59,83.11,32.48,,,,,,,,,,,,,,,,,,,,,,,,,,,,,,,,,,1,,,,,,,,,,,,,,
575264,FFSU,XX,55111,671,31,20133,CLOPIDOGRE,8,8,47.47,47.47,0,,,,,,,,,,,,,,,,,,,,,,,,,,,,,,,,,,,1,,,,,,,,,,,,,
575265,FFSU,XX,55111,671,31,20134,CLOPIDOGRE,9,6,246.54,246.54,0,,,,,,,,,,,,,,,,,,,,,,,,,,,,,,,,,,,,1,,,,,,,,,,,,
702146,MCOU,XX,55111,671,6,20132,CLOPIDOGRE,1,1,64.88,64.88,0,,,,,,,,,,,,,,,,,,,,,,,,,,,,,,,,,,,,,,1,,,,,,,,,,
702147,MCOU,XX,55111,671,6,20134,CLOPIDOGRE,2,2,54.89,54.89,0,,,,,,,,,,,,,,,,,,,,,,,,,,,,,,,,,,,,,,,,1,,,,,,,,
702148,MCOU,XX,55111,671,31,20131,CLOPIDOGRE,135,12,2879.46,2874.81,4.65,,,,,,,,,,,,,,,,,,,,,,,,,,,,,,,,,,,,,1,,,,,,,,,,,
702149,MCOU,XX,55111,671,31,20132,CLOPIDOGRE,208,19,5489.72,4838.37,651.35,,,,,,,,,,,,,,,,,,,,,,,,,,,,,,,,,,,,,,1,,,,,,,,,,
702150,MCOU,XX,55111,671,31,20133,CLOPIDOGRE,63,5,1340.75,1340.75,0,,,,,,,,,,,,,,,,,,,,,,,,,,,,,,,,,,,,,,,1,,,,,,,,,
702151,MCOU,XX,55111,671,31,20134,CLOPIDOGRE,160,12,11563.33,11563.33,0,,,,,,,,,,,,,,,,,,,,,,,,,,,,,,,,,,,,,,,,1,,,,,,,,
106395,FFSU,XX,60505,253,1,20111,CLOPIDOGRE,30,1,32.25,32.25,0,1,,,,,,,,,,,,,,,,,,,,,,,,,,,,,,,,,,,,,,,,,,,,,,,
106396,FFSU,XX,60505,253,2,20113,CLOPIDOGRE,60,2,134.98,134.98,0,,,1,,,,,,,,,,,,,,,,,,,,,,,,,,,,,,,,,,,,,,,,,,,,,
336317,FFSU,XX,60505,253,1,20122,CLOPIDPGRE,4812,152,13366.72,13310.47,56.25,,,,,,,,,,,,,,,,,,,,,,,,,,,,,,,,,,,,,,,,,,,,,,,,
336318,FFSU,XX,60505,253,1,20123,CLOPIDOGRE,15818,509,9090.61,8939.66,150.95,,,,,,,,,,,,,,,,,,,1,,,,,,,,,,,,,,,,,,,,,,,,,,,,,
336319,FFSU,XX,60505,253,1,20124,CLOPIDOGRE,15652,503,7206.6,7080.4,126.2,,,,,,,,,,,,,,,,,,,,1,,,,,,,,,,,,,,,,,,,,,,,,,,,,
336320,FFSU,XX,60505,253,2,20122,CLOPIDOGRE,15565,503,31048.43,30233.11,815.32,,,,,,,,,,,,,,,,,,1,,,,,,,,,,,,,,,,,,,,,,,,,,,,,,
336321,FFSU,XX,60505,253,2,20123,CLOPIDOGRE,71179.001,2331,54817.11,52166.23,2650.88,,,,,,,,,,,,,,,,,,,1,,,,,,,,,,,,,,,,,,,,,,,,,,,,,
336322,FFSU,XX,60505,253,2,20124,CLOPIDOGRE,71343,2316,44237.96,42125.72,2112.24,,,,,,,,,,,,,,,,,,,,1,,,,,,,,,,,,,,,,,,,,,,,,,,,,
336323,FFSU,XX,60505,253,3,20122,CLOPIDPGRE,1694,55,4556.68,4351.98,204.7,,,,,,,,,,,,,,,,,,,,,,,,,,,,,,,,,,,,,,,,,,,,,,,,
336324,FFSU,XX,60505,253,3,20123,CLOPIDOGRE,15488,499,11075.43,10439.9,635.53,,,,,,,,,,,,,,,,,,,1,,,,,,,,,,,,,,,,,,,,,,,,,,,,,
336325,FFSU,XX,60505,253,3,20124,CLOPIDOGRE,24658,790,11827.66,11178.99,648.67,,,,,,,,,,,,,,,,,,,,1,,,,,,,,,,,,,,,,,,,,,,,,,,,,
457762,MCOU,XX,60505,253,1,20122,CLOPIDOGRE,30694,1031,82392.46,82346.51,45.95,,,,,,,,,,,,,,,,,,,,,,1,,,,,,,,,,,,,,,,,,,,,,,,,,
457763,MCOU,XX,60505,253,1,20123,CLOPIDOGRE,73906,2469,103742.7,103657.55,85.15,,,,,,,,,,,,,,,,,,,,,,,1,,,,,,,,,,,,,,,,,,,,,,,,,
457764,MCOU,XX,60505,253,1,20124,CLOPIDOGRE,66860,2231,96408.93,96262.13,146.8,,,,,,,,,,,,,,,,,,,,,,,,1,,,,,,,,,,,,,,,,,,,,,,,,
457765,MCOU,XX,60505,253,2,20122,CLOPIDOGRE,30266.001,1003,77968.68,77535.71,432.97,,,,,,,,,,,,,,,,,,,,,,1,,,,,,,,,,,,,,,,,,,,,,,,,,
457766,MCOU,XX,60505,253,2,20123,CLOPIDOGRE,99667.001,3301,138622.76,138393.33,229.43,,,,,,,,,,,,,,,,,,,,,,,1,,,,,,,,,,,,,,,,,,,,,,,,,
457767,MCOU,XX,60505,253,2,20124,CLOPIDOGRE,89333,2916,115043.42,114775.77,267.65,,,,,,,,,,,,,,,,,,,,,,,,1,,,,,,,,,,,,,,,,,,,,,,,,
457768,MCOU,XX,60505,253,3,20122,CLOPIDOGRE,3412,116,8537.51,8531.51,6,,,,,,,,,,,,,,,,,,,,,,1,,,,,,,,,,,,,,,,,,,,,,,,,,
457769,MCOU,XX,60505,253,3,20123,CLOPIDOGRE,39050,1302,61409.4,61364.63,44.77,,,,,,,,,,,,,,,,,,,,,,,1,,,,,,,,,,,,,,,,,,,,,,,,,
457770,MCOU,XX,60505,253,3,20124,CLOPIDOGRE,49996,1666,72420.2,72347.89,72.31,,,,,,,,,,,,,,,,,,,,,,,,1,,,,,,,,,,,,,,,,,,,,,,,,
582331,FFSU,XX,60505,253,1,20131,CLOPIDOGRE,11687,378,4939.43,4873.43,66,,,,,,,,,,,,,,,,,,,,,,,,,,,,,,,,,1,,,,,,,,,,,,,,,
582332,FFSU,XX,60505,253,1,20132,CLOPIDPGRE,11937,375,5501.79,5429.79,72,,,,,,,,,,,,,,,,,,,,,,,,,,,,,,,,,,,,,,,,,,,,,,,,
582333,FFSU,XX,60505,253,1,20133,CLOPIDPGRE,9030,280,3179.97,3120.77,59.2,,,,,,,,,,,,,,,,,,,,,,,,,,,,,,,,,,,,,,,,,,,,,,,,
582334,FFSU,XX,60505,253,1,20134,CLOPIDPGRE,8687,275,3233.16,3140.37,92.79,,,,,,,,,,,,,,,,,,,,,,,,,,,,,,,,,,,,,,,,,,,,,,,,
582335,FFSU,XX,60505,253,2,20131,CLOPIDOGRE,23942,786,14365.27,14008.16,357.11,,,,,,,,,,,,,,,,,,,,,,,,,,,,,,,,,1,,,,,,,,,,,,,,,
582336,FFSU,XX,60505,253,2,20132,CLOPIDPGRE,23406,763,14634.97,14185.33,449.64,,,,,,,,,,,,,,,,,,,,,,,,,,,,,,,,,,,,,,,,,,,,,,,,
582337,FFSU,XX,60505,253,2,20133,CLOPIDPGRE,37508,1133,18797.7,17553.76,1243.94,,,,,,,,,,,,,,,,,,,,,,,,,,,,,,,,,,,,,,,,,,,,,,,,
582338,FFSU,XX,60505,253,2,20134,CLOPIDPGRE,181738.001,5275,99341.19,94013.79,5327.4,,,,,,,,,,,,,,,,,,,,,,,,,,,,,,,,,,,,,,,,,,,,,,,,
582339,FFSU,XX,60505,253,3,20131,CLOPIDOGRE,28534,885,12360.54,11643.22,717.32,,,,,,,,,,,,,,,,,,,,,,,,,,,,,,,,,1,,,,,,,,,,,,,,,
582340,FFSU,XX,60505,253,3,20132,CLOPIDOGRE,28546,882,13255.45,12285.95,969.5,,,,,,,,,,,,,,,,,,,,,,,,,,,,,,,,,,1,,,,,,,,,,,,,,
582341,FFSU,XX,60505,253,3,20133,CLOPIDOGRE,23962,730,10706.66,9913.36,793.3,,,,,,,,,,,,,,,,,,,,,,,,,,,,,,,,,,,1,,,,,,,,,,,,,
582342,FFSU,XX,60505,253,3,20134,CLOPIDOGRE,25792,797,10252.26,9709.06,543.2,,,,,,,,,,,,,,,,,,,,,,,,,,,,,,,,,,,,1,,,,,,,,,,,,
582343,FFSU,XX,60505,253,4,20133,CLOPIDOGRE,16,2,136.61,136.61,0,,,,,,,,,,,,,,,,,,,,,,,,,,,,,,,,,,,1,,,,,,,,,,,,,
709196,MCOU,XX,60505,253,1,20131,CLOPIDOGRE,72319.06,2424,120435.18,117110.78,3324.4,,,,,,,,,,,,,,,,,,,,,,,,,,,,,,,,,,,,,1,,,,,,,,,,,
709197,MCOU,XX,60505,253,1,20132,CLOPIDOGRE,65217,2165,62634.54,62147.78,486.76,,,,,,,,,,,,,,,,,,,,,,,,,,,,,,,,,,,,,,1,,,,,,,,,,
709198,MCOU,XX,60505,253,1,20133,CLOPIDOGRE,61473,2043,47392.17,47282.17,110,,,,,,,,,,,,,,,,,,,,,,,,,,,,,,,,,,,,,,,1,,,,,,,,,
709199,MCOU,XX,60505,253,1,20134,CLOPIDOGRE,57317,1918,43084.5,43036.5,48,,,,,,,,,,,,,,,,,,,,,,,,,,,,,,,,,,,,,,,,1,,,,,,,,
709200,MCOU,XX,60505,253,2,20131,CLOPIDOGRE,61270.031,2070,94597.55,91861.88,2735.67,,,,,,,,,,,,,,,,,,,,,,,,,,,,,,,,,,,,,1,,,,,,,,,,,
709201,MCOU,XX,60505,253,2,20132,CLOPIDPGRE,61396,2028,66382.66,65495.59,887.07,,,,,,,,,,,,,,,,,,,,,,,,,,,,,,,,,,,,,,,,,,,,,,,,
709202,MCOU,XX,60505,253,2,20133,CLOPIDOGRE,100739,3293,75698.31,75421.31,277,,,,,,,,,,,,,,,,,,,,,,,,,,,,,,,,,,,,,,,1,,,,,,,,,
709203,MCOU,XX,60505,253,2,20134,CLOPIDOGRE,498146,16347,384593.73,383321.39,1272.34,,,,,,,,,,,,,,,,,,,,,,,,,,,,,,,,,,,,,,,,1,,,,,,,,
709204,MCOU,XX,60505,253,3,20131,CLOPIDOGRE,52651,1762,74572.35,73728.76,843.59,,,,,,,,,,,,,,,,,,,,,,,,,,,,,,,,,,,,,1,,,,,,,,,,,
709205,MCOU,XX,60505,253,3,20132,CLOPIDOGRE,52726,1763,54088.21,53980.21,108,,,,,,,,,,,,,,,,,,,,,,,,,,,,,,,,,,,,,,1,,,,,,,,,,
709206,MCOU,XX,60505,253,3,20133,CLOPIDOGRE,48471.6,1628,39313.61,39178.61,135,,,,,,,,,,,,,,,,,,,,,,,,,,,,,,,,,,,,,,,1,,,,,,,,,
709207,MCOU,XX,60505,253,3,20134,CLOPIDOGRE,57144.4,1922,44412.36,44169,243.36,,,,,,,,,,,,,,,,,,,,,,,,,,,,,,,,,,,,,,,,1,,,,,,,,
337764,FFSU,XX,60505,3992,3,20124,CLOPIDOGRE,17991,555,6776.28,6013.89,762.39,,,,,,,,,,,,,,,,,,,,1,,,,,,,,,,,,,,,,,,,,,,,,,,,,
459215,MCOU,XX,60505,3992,3,20124,CLOPIDOGRE,12686.001,450,15550.46,15504.67,45.79,,,,,,,,,,,,,,,,,,,,,,,,1,,,,,,,,,,,,,,,,,,,,,,,,
583957,FFSU,XX,60505,3992,3,20131,CLOPIDOGRE,62843,1939,23901,21267.96,2633.04,,,,,,,,,,,,,,,,,,,,,,,,,,,,,,,,,1,,,,,,,,,,,,,,,
583958,FFSU,XX,60505,3992,3,20132,CLOPIDOGRE,72854,2208,27780.1,25387,2393.1,,,,,,,,,,,,,,,,,,,,,,,,,,,,,,,,,,1,,,,,,,,,,,,,,
583959,FFSU,XX,60505,3992,3,20133,CLOPIDOGRE,77374,2402,31071.81,28709.17,2362.64,,,,,,,,,,,,,,,,,,,,,,,,,,,,,,,,,,,1,,,,,,,,,,,,,
583960,FFSU,XX,60505,3992,3,20134,CLOPIDOGRE,81285,2519,30809.04,28028.58,2780.46,,,,,,,,,,,,,,,,,,,,,,,,,,,,,,,,,,,,1,,,,,,,,,,,,
710879,MCOU,XX,60505,3992,3,20131,CLOPIDOGRE,66419,2208,67382.18,67124.92,257.26,,,,,,,,,,,,,,,,,,,,,,,,,,,,,,,,,,,,,1,,,,,,,,,,,
710880,MCOU,XX,60505,3992,3,20132,CLOPIDOGRE,66267,2207,53243.9,52808.65,435.25,,,,,,,,,,,,,,,,,,,,,,,,,,,,,,,,,,,,,,1,,,,,,,,,,
710881,MCOU,XX,60505,3992,3,20133,CLOPIDOGRE,117838.001,3922,97882.32,97166.54,715.78,,,,,,,,,,,,,,,,,,,,,,,,,,,,,,,,,,,,,,,1,,,,,,,,,
710882,MCOU,XX,60505,3992,3,20134,CLOPIDOGRE,99229.001,3309,71606.13,70777.45,828.68,,,,,,,,,,,,,,,,,,,,,,,,,,,,,,,,,,,,,,,,1,,,,,,,,
115072,FFSU,XX,63653,1171,1,20111,PLAVIX 75 ,3851762.018,117792,22755214.82,22392266.71,362948.11,,,,,,,,,1,,,,,,,,,,,,,,,,,,,,,,,,,,,,,,,,,,,,,,,
115073,FFSU,XX,63653,1171,1,20112,PLAVIX 75 ,3738504.168,113309,23517885.72,23145335.11,372550.61,,,,,,,,,,1,,,,,,,,,,,,,,,,,,,,,,,,,,,,,,,,,,,,,,
115074,FFSU,XX,63653,1171,1,20113,PLAVIX 75 ,3455696.077,104237,21727235.36,21347414.16,379821.2,,,,,,,,,,,1,,,,,,,,,,,,,,,,,,,,,,,,,,,,,,,,,,,,,
115075,FFSU,XX,63653,1171,1,20114,PLAVIX 75 ,2564193.215,78981,16199925.27,15863975.18,335950.09,,,,,,,,,,,,1,,,,,,,,,,,,,,,,,,,,,,,,,,,,,,,,,,,,
115076,FFSU,XX,63653,1171,3,20111,PLAVIX 75 ,77756.951,3266,453880.15,438124.5,15755.65,,,,,,,,,1,,,,,,,,,,,,,,,,,,,,,,,,,,,,,,,,,,,,,,,
115077,FFSU,XX,63653,1171,3,20112,PLAVIX 75 ,72282.075,3163,445789.66,429843.11,15946.55,,,,,,,,,,1,,,,,,,,,,,,,,,,,,,,,,,,,,,,,,,,,,,,,,
115078,FFSU,XX,63653,1171,3,20113,PLAVIX 75 ,67364.083,3273,421077.72,401133.9,19943.82,,,,,,,,,,,1,,,,,,,,,,,,,,,,,,,,,,,,,,,,,,,,,,,,,
115079,FFSU,XX,63653,1171,3,20114,PLAVIX 75 ,56588.629,2528,346009.44,328208.97,17800.47,,,,,,,,,,,,1,,,,,,,,,,,,,,,,,,,,,,,,,,,,,,,,,,,,
115080,FFSU,XX,63653,1171,5,20111,PLAVIX 75 ,1437180.264,47228,8537526.87,8312567.88,224958.99,,,,,,,,,1,,,,,,,,,,,,,,,,,,,,,,,,,,,,,,,,,,,,,,,
115081,FFSU,XX,63653,1171,5,20112,PLAVIX 75 ,1393292.17,45708,8830732.67,8594573.5,236159.17,,,,,,,,,,1,,,,,,,,,,,,,,,,,,,,,,,,,,,,,,,,,,,,,,
115082,FFSU,XX,63653,1171,5,20113,PLAVIX 75 ,1355278.998,44502,8578007.55,8302203.03,275804.52,,,,,,,,,,,1,,,,,,,,,,,,,,,,,,,,,,,,,,,,,,,,,,,,,
115083,FFSU,XX,63653,1171,5,20114,PLAVIX 75 ,1114035.051,36950,7067574.78,6799623.42,267951.36,,,,,,,,,,,,1,,,,,,,,,,,,,,,,,,,,,,,,,,,,,,,,,,,,
115084,FFSU,XX,63653,1171,6,20111,PLAVIX 75 ,5497176.632,169469,32675144.51,32201276.07,473868.44,,,,,,,,,1,,,,,,,,,,,,,,,,,,,,,,,,,,,,,,,,,,,,,,,
115085,FFSU,XX,63653,1171,6,20112,PLAVIX 75 ,5401835.736,164750,34078336.16,33587694.92,490641.24,,,,,,,,,,1,,,,,,,,,,,,,,,,,,,,,,,,,,,,,,,,,,,,,,
115086,FFSU,XX,63653,1171,6,20113,PLAVIX 75 ,4850747.759,146721,30535906.01,30090587.78,445318.23,,,,,,,,,,,1,,,,,,,,,,,,,,,,,,,,,,,,,,,,,,,,,,,,,
115087,FFSU,XX,63653,1171,6,20114,PLAVIX 75 ,3689978.028,113364,23420274.76,22949050.63,471224.13,,,,,,,,,,,,1,,,,,,,,,,,,,,,,,,,,,,,,,,,,,,,,,,,,
115088,FFSU,XX,63653,1171,36,20111,UNKNOWN PR,1,1,8.12,8.12,0,,,,,,,,,,,,,,,,,,,,,,,,,,,,,,,,,,,,,,,,,,,,,,,,
115089,FFSU,XX,63653,1171,36,20112,UNKNOWN PR,2,2,4.41,4.41,0,,,,,,,,,,,,,,,,,,,,,,,,,,,,,,,,,,,,,,,,,,,,,,,,
221488,MCOU,XX,63653,1171,1,20111,PLAVIX 75 ,912485.601,30563,5460949.13,5433487.01,27462.12,,,,,,,,,,,,,1,,,,,,,,,,,,,,,,,,,,,,,,,,,,,,,,,,,
221489,MCOU,XX,63653,1171,1,20112,PLAVIX 75 ,1011798.001,33214,6400487.14,6356713.58,43773.56,,,,,,,,,,,,,,1,,,,,,,,,,,,,,,,,,,,,,,,,,,,,,,,,,
221490,MCOU,XX,63653,1171,1,20113,PLAVIX 75 ,1040512,34361,6729059.6,6685038,44021.6,,,,,,,,,,,,,,,1,,,,,,,,,,,,,,,,,,,,,,,,,,,,,,,,,
221491,MCOU,XX,63653,1171,1,20114,PLAVIX 75 ,1817285.437,61390,11731295.94,11691624.07,39671.87,,,,,,,,,,,,,,,,1,,,,,,,,,,,,,,,,,,,,,,,,,,,,,,,,
221492,MCOU,XX,63653,1171,3,20111,PLAVIX 75 ,3678,132,22286.63,21919.24,367.39,,,,,,,,,,,,,1,,,,,,,,,,,,,,,,,,,,,,,,,,,,,,,,,,,
221493,MCOU,XX,63653,1171,3,20112,PLAVIX 75 ,3841,152,25187.29,25172.29,15,,,,,,,,,,,,,,1,,,,,,,,,,,,,,,,,,,,,,,,,,,,,,,,,,
221494,MCOU,XX,63653,1171,3,20113,PLAVIX 75 ,5018.08,180,30832.34,29542.44,1289.9,,,,,,,,,,,,,,,1,,,,,,,,,,,,,,,,,,,,,,,,,,,,,,,,,
221495,MCOU,XX,63653,1171,3,20114,PLAVIX 75 ,7327,216,40270.52,39013.86,1256.66,,,,,,,,,,,,,,,,1,,,,,,,,,,,,,,,,,,,,,,,,,,,,,,,,
221496,MCOU,XX,63653,1171,5,20111,PLAVIX 75 ,168160.601,6011,1933927.12,1927873.65,6053.47,,,,,,,,,,,,,1,,,,,,,,,,,,,,,,,,,,,,,,,,,,,,,,,,,
221497,MCOU,XX,63653,1171,5,20112,PLAVIX 75 ,197085,6722,2526569.43,2519027.62,7541.81,,,,,,,,,,,,,,1,,,,,,,,,,,,,,,,,,,,,,,,,,,,,,,,,,
221498,MCOU,XX,63653,1171,5,20113,PLAVIX 75 ,196578.001,6511,2627260.17,2620716.64,6543.53,,,,,,,,,,,,,,,1,,,,,,,,,,,,,,,,,,,,,,,,,,,,,,,,,
221499,MCOU,XX,63653,1171,5,20114,PLAVIX 75 ,433923.828,14751,3974244.27,3964482.56,9761.71,,,,,,,,,,,,,,,,1,,,,,,,,,,,,,,,,,,,,,,,,,,,,,,,,
221500,MCOU,XX,63653,1171,6,20111,PLAVIX 75 ,1326782.405,44268,7852169.83,7823371.99,28797.84,,,,,,,,,,,,,1,,,,,,,,,,,,,,,,,,,,,,,,,,,,,,,,,,,
221501,MCOU,XX,63653,1171,6,20112,PLAVIX 75 ,1451232.502,47631,9040376.06,9003339.25,37036.81,,,,,,,,,,,,,,1,,,,,,,,,,,,,,,,,,,,,,,,,,,,,,,,,,
221502,MCOU,XX,63653,1171,6,20113,PLAVIX 75 ,1514919.003,50058,9498039.51,9458884.93,39154.58,,,,,,,,,,,,,,,1,,,,,,,,,,,,,,,,,,,,,,,,,,,,,,,,,
221503,MCOU,XX,63653,1171,6,20114,PLAVIX 75 ,2778012.34,93693,17292680.21,17242564.37,50115.84,,,,,,,,,,,,,,,,1,,,,,,,,,,,,,,,,,,,,,,,,,,,,,,,,
345600,FFSU,XX,63653,1171,1,20121,PLAVIX 75 ,2447238.177,76624,15963888.16,15607197.01,356691.15,,,,,,,,,,,,,,,,,,,,,,,,,1,,,,,,,,,,,,,,,,,,,,,,,
345601,FFSU,XX,63653,1171,1,20122,PLAVIX 75 ,1792633.919,57280,11825357.68,11548126.6,277231.08,,,,,,,,,,,,,,,,,,,,,,,,,,1,,,,,,,,,,,,,,,,,,,,,,
345602,FFSU,XX,63653,1171,1,20123,PLAVIX 75 ,442785.523,14355,2794771.28,2751391.26,43380.02,,,,,,,,,,,,,,,,,,,,,,,,,,,1,,,,,,,,,,,,,,,,,,,,,
345603,FFSU,XX,63653,1171,1,20124,PLAVIX 75 ,95154.59,3145,591902.96,580910.45,10992.51,,,,,,,,,,,,,,,,,,,,,,,,,,,,1,,,,,,,,,,,,,,,,,,,,
345604,FFSU,XX,63653,1171,3,20121,PLAVIX 75 ,61214.76,2672,393323.84,375318.69,18005.15,,,,,,,,,,,,,,,,,,,,,,,,,1,,,,,,,,,,,,,,,,,,,,,,,
345605,FFSU,XX,63653,1171,3,20122,PLAVIX 75 ,53689.25,2543,354438.34,340358,14080.34,,,,,,,,,,,,,,,,,,,,,,,,,,1,,,,,,,,,,,,,,,,,,,,,,
345606,FFSU,XX,63653,1171,3,20123,PLAVIX 75 ,23540.301,1361,151702.06,144739.89,6962.17,,,,,,,,,,,,,,,,,,,,,,,,,,,1,,,,,,,,,,,,,,,,,,,,,
345607,FFSU,XX,63653,1171,3,20124,PLAVIX 75 ,10697.306,892,66991.71,65613.53,1378.18,,,,,,,,,,,,,,,,,,,,,,,,,,,,1,,,,,,,,,,,,,,,,,,,,
345608,FFSU,XX,63653,1171,5,20121,PLAVIX 75 ,1096407.879,36599,7235467.95,7005934.18,229533.77,,,,,,,,,,,,,,,,,,,,,,,,,1,,,,,,,,,,,,,,,,,,,,,,,
345609,FFSU,XX,63653,1171,5,20122,PLAVIX 75 ,814943.4,27919,5445100.12,5247802.43,197297.69,,,,,,,,,,,,,,,,,,,,,,,,,,1,,,,,,,,,,,,,,,,,,,,,,
345610,FFSU,XX,63653,1171,5,20123,PLAVIX 75 ,166150.05,5908,1081214.84,1042928.79,38286.05,,,,,,,,,,,,,,,,,,,,,,,,,,,1,,,,,,,,,,,,,,,,,,,,,
345611,FFSU,XX,63653,1171,5,20124,PLAVIX 75 ,45578.2,1620,297696.05,285290.23,12405.82,,,,,,,,,,,,,,,,,,,,,,,,,,,,1,,,,,,,,,,,,,,,,,,,,
345612,FFSU,XX,63653,1171,6,20121,PLAVIX 75 ,3819011.665,118864,25264704.81,24676486.47,588218.34,,,,,,,,,,,,,,,,,,,,,,,,,1,,,,,,,,,,,,,,,,,,,,,,,
345613,FFSU,XX,63653,1171,6,20122,PLAVIX 75 ,2650982.854,83467,17710061.32,17277830.19,432231.13,,,,,,,,,,,,,,,,,,,,,,,,,,1,,,,,,,,,,,,,,,,,,,,,,
345614,FFSU,XX,63653,1171,6,20123,PLAVIX 75 ,588145.7,18544,3747075.27,3693664.52,53410.75,,,,,,,,,,,,,,,,,,,,,,,,,,,1,,,,,,,,,,,,,,,,,,,,,
345615,FFSU,XX,63653,1171,6,20124,PLAVIX 75 ,137231.48,4312,882264.41,867991.19,14273.22,,,,,,,,,,,,,,,,,,,,,,,,,,,,1,,,,,,,,,,,,,,,,,,,,
466610,MCOU,XX,63653,1171,1,20121,PLAVIX 75 ,1891659.018,62068,12536539.94,12481484.49,55055.45,,,,,,,,,,,,,,,,,,,,,,,,,,,,,1,,,,,,,,,,,,,,,,,,,
466611,MCOU,XX,63653,1171,1,20122,PLAVIX 75 ,1603819.481,53495,10832683.16,10452031.36,380651.8,,,,,,,,,,,,,,,,,,,,,,,,,,,,,,1,,,,,,,,,,,,,,,,,,
466612,MCOU,XX,63653,1171,1,20123,PLAVIX 75 ,257477,8606,1639950.28,1627337.7,12612.58,,,,,,,,,,,,,,,,,,,,,,,,,,,,,,,1,,,,,,,,,,,,,,,,,
466613,MCOU,XX,63653,1171,1,20124,PLAVIX 75 ,93496,3097,616115.39,613851.11,2264.28,,,,,,,,,,,,,,,,,,,,,,,,,,,,,,,,1,,,,,,,,,,,,,,,,
466614,MCOU,XX,63653,1171,3,20121,PLAVIX 75 ,6172.075,250,55431.27,55422.27,9,,,,,,,,,,,,,,,,,,,,,,,,,,,,,1,,,,,,,,,,,,,,,,,,,
466615,MCOU,XX,63653,1171,3,20122,PLAVIX 75 ,6201,363,79510.4,79473.1,37.3,,,,,,,,,,,,,,,,,,,,,,,,,,,,,,1,,,,,,,,,,,,,,,,,,
466616,MCOU,XX,63653,1171,3,20123,PLAVIX 75 ,1905,215,123223.37,123223.37,0,,,,,,,,,,,,,,,,,,,,,,,,,,,,,,,1,,,,,,,,,,,,,,,,,
466617,MCOU,XX,63653,1171,3,20124,PLAVIX 75 ,563,191,122489.96,121599.19,890.77,,,,,,,,,,,,,,,,,,,,,,,,,,,,,,,,1,,,,,,,,,,,,,,,,
466618,MCOU,XX,63653,1171,5,20121,PLAVIX 75 ,461572.47,15115,4290811.83,4274320.44,16491.39,,,,,,,,,,,,,,,,,,,,,,,,,,,,,1,,,,,,,,,,,,,,,,,,,
466619,MCOU,XX,63653,1171,5,20122,PLAVIX 75 ,400155.001,13820,3123118.28,2974077.1,149041.18,,,,,,,,,,,,,,,,,,,,,,,,,,,,,,1,,,,,,,,,,,,,,,,,,
466620,MCOU,XX,63653,1171,5,20123,PLAVIX 75 ,46431,1582,286339.92,277840.78,8499.14,,,,,,,,,,,,,,,,,,,,,,,,,,,,,,,1,,,,,,,,,,,,,,,,,
466621,MCOU,XX,63653,1171,5,20124,PLAVIX 75 ,28319,968,271500.51,192651.4,78849.11,,,,,,,,,,,,,,,,,,,,,,,,,,,,,,,,1,,,,,,,,,,,,,,,,
466622,MCOU,XX,63653,1171,6,20121,PLAVIX 75 ,2797533.193,92102,18371887.33,18300301.56,71585.77,,,,,,,,,,,,,,,,,,,,,,,,,,,,,1,,,,,,,,,,,,,,,,,,,
466623,MCOU,XX,63653,1171,6,20122,PLAVIX 75 ,2297331.001,76887,15447106.33,15049659.61,397446.72,,,,,,,,,,,,,,,,,,,,,,,,,,,,,,1,,,,,,,,,,,,,,,,,,
466624,MCOU,XX,63653,1171,6,20123,PLAVIX 75 ,397634.373,13331,2540271.08,2533296.61,6974.47,,,,,,,,,,,,,,,,,,,,,,,,,,,,,,,1,,,,,,,,,,,,,,,,,
466625,MCOU,XX,63653,1171,6,20124,PLAVIX 75 ,187840.026,6256,1167827.82,1165686.31,2141.51,,,,,,,,,,,,,,,,,,,,,,,,,,,,,,,,1,,,,,,,,,,,,,,,,
591733,FFSU,XX,63653,1171,1,20131,PLAVIX 75 ,49835.667,1685,319748.1,316893.31,2854.79,,,,,,,,,,,,,,,,,,,,,,,,,,,,,,,,,,,,,,,,,1,,,,,,,
591734,FFSU,XX,63653,1171,1,20132,PLAVIX 75 ,86146.667,2865,555029.19,551653.19,3376,,,,,,,,,,,,,,,,,,,,,,,,,,,,,,,,,,,,,,,,,,1,,,,,,
591735,FFSU,XX,63653,1171,1,20133,PLAVIX 75 ,45801.69,1496,299783.27,294768.24,5015.03,,,,,,,,,,,,,,,,,,,,,,,,,,,,,,,,,,,,,,,,,,,1,,,,,
591736,FFSU,XX,63653,1171,1,20134,PLAVIX 75 ,32610.6,1064,213578.55,209677.19,3901.36,,,,,,,,,,,,,,,,,,,,,,,,,,,,,,,,,,,,,,,,,,,,1,,,,
591737,FFSU,XX,63653,1171,3,20131,PLAVIX 75 ,5177,622,36984.08,36783.08,201,,,,,,,,,,,,,,,,,,,,,,,,,,,,,,,,,,,,,,,,,1,,,,,,,
591738,FFSU,XX,63653,1171,3,20132,PLAVIX 75 ,7323.071,590,50434.44,50380.44,54,,,,,,,,,,,,,,,,,,,,,,,,,,,,,,,,,,,,,,,,,,1,,,,,,
591739,FFSU,XX,63653,1171,3,20133,PLAVIX 75 ,5255.65,405,36043.76,35996.5,47.26,,,,,,,,,,,,,,,,,,,,,,,,,,,,,,,,,,,,,,,,,,,1,,,,,
591740,FFSU,XX,63653,1171,3,20134,PLAVIX 75 ,5181.001,379,27080.44,27014.44,66,,,,,,,,,,,,,,,,,,,,,,,,,,,,,,,,,,,,,,,,,,,,1,,,,
591741,FFSU,XX,63653,1171,5,20131,PLAVIX 75 ,15709.467,577,103703.89,98816.95,4886.94,,,,,,,,,,,,,,,,,,,,,,,,,,,,,,,,,,,,,,,,,1,,,,,,,
591742,FFSU,XX,63653,1171,5,20132,PLAVIX 75 ,27691.5,956,179212.86,179116.11,96.75,,,,,,,,,,,,,,,,,,,,,,,,,,,,,,,,,,,,,,,,,,1,,,,,,
591743,FFSU,XX,63653,1171,5,20133,PLAVIX 75 ,9348,316,61151.45,56714.28,4437.17,,,,,,,,,,,,,,,,,,,,,,,,,,,,,,,,,,,,,,,,,,,1,,,,,
591744,FFSU,XX,63653,1171,5,20134,PLAVIX 75 ,10236.333,353,99491.82,98704.6,787.22,,,,,,,,,,,,,,,,,,,,,,,,,,,,,,,,,,,,,,,,,,,,1,,,,
591745,FFSU,XX,63653,1171,6,20131,PLAVIX 75 ,80745,2473,527792.34,520172.04,7620.3,,,,,,,,,,,,,,,,,,,,,,,,,,,,,,,,,,,,,,,,,1,,,,,,,
591746,FFSU,XX,63653,1171,6,20132,PLAVIX 75 ,97405,3216,630343.73,624137.11,6206.62,,,,,,,,,,,,,,,,,,,,,,,,,,,,,,,,,,,,,,,,,,1,,,,,,
591747,FFSU,XX,63653,1171,6,20133,PLAVIX 75 ,74699,2286,488312.52,485377.06,2935.46,,,,,,,,,,,,,,,,,,,,,,,,,,,,,,,,,,,,,,,,,,,1,,,,,
591748,FFSU,XX,63653,1171,6,20134,PLAVIX 75 ,54468,1671,354703.04,350988.8,3714.24,,,,,,,,,,,,,,,,,,,,,,,,,,,,,,,,,,,,,,,,,,,,1,,,,
718458,MCOU,XX,63653,1171,1,20131,PLAVIX 75 ,64001.25,1845,345310.99,341878.76,3432.23,,,,,,,,,,,,,,,,,,,,,,,,,,,,,,,,,,,,,,,,,,,,,1,,,
718459,MCOU,XX,63653,1171,1,20132,PLAVIX 75 ,35609,1085,229936.58,204724.18,25212.4,,,,,,,,,,,,,,,,,,,,,,,,,,,,,,,,,,,,,,,,,,,,,,1,,
718460,MCOU,XX,63653,1171,1,20133,PLAVIX 75 ,26788.94,893,183741.94,181577.03,2164.91,,,,,,,,,,,,,,,,,,,,,,,,,,,,,,,,,,,,,,,,,,,,,,,1,
718461,MCOU,XX,63653,1171,1,20134,PLAVIX 75 ,19943.375,670,117394.97,115917.32,1477.65,,,,,,,,,,,,,,,,,,,,,,,,,,,,,,,,,,,,,,,,,,,,,,,,1
718462,MCOU,XX,63653,1171,3,20131,PLAVIX 75 ,384.001,159,124902.87,124807.23,95.64,,,,,,,,,,,,,,,,,,,,,,,,,,,,,,,,,,,,,,,,,,,,,1,,,
718463,MCOU,XX,63653,1171,3,20132,PLAVIX 75 ,548,193,147194.06,146915.25,278.81,,,,,,,,,,,,,,,,,,,,,,,,,,,,,,,,,,,,,,,,,,,,,,1,,
718464,MCOU,XX,63653,1171,3,20133,PLAVIX 75 ,525,222,97287.11,97106.68,180.43,,,,,,,,,,,,,,,,,,,,,,,,,,,,,,,,,,,,,,,,,,,,,,,1,
718465,MCOU,XX,63653,1171,3,20134,PLAVIX 75 ,344,153,4203.21,4130.88,72.33,,,,,,,,,,,,,,,,,,,,,,,,,,,,,,,,,,,,,,,,,,,,,,,,1
718466,MCOU,XX,63653,1171,5,20131,PLAVIX 75 ,6743.363,181,51521.06,50549.95,971.11,,,,,,,,,,,,,,,,,,,,,,,,,,,,,,,,,,,,,,,,,,,,,1,,,
718467,MCOU,XX,63653,1171,5,20132,PLAVIX 75 ,10834,317,77526.83,59514.31,18012.52,,,,,,,,,,,,,,,,,,,,,,,,,,,,,,,,,,,,,,,,,,,,,,1,,
718468,MCOU,XX,63653,1171,5,20133,PLAVIX 75 ,4884,173,33159.21,33102.24,56.97,,,,,,,,,,,,,,,,,,,,,,,,,,,,,,,,,,,,,,,,,,,,,,,1,
718469,MCOU,XX,63653,1171,5,20134,PLAVIX 75 ,2150.94,86,20229.55,20171.08,58.47,,,,,,,,,,,,,,,,,,,,,,,,,,,,,,,,,,,,,,,,,,,,,,,,1
718470,MCOU,XX,63653,1171,6,20131,PLAVIX 75 ,110272.68,3378,615693.98,613167.71,2526.27,,,,,,,,,,,,,,,,,,,,,,,,,,,,,,,,,,,,,,,,,,,,,1,,,
718471,MCOU,XX,63653,1171,6,20132,PLAVIX 75 ,56019.8,1781,391834.86,345639.55,46195.31,,,,,,,,,,,,,,,,,,,,,,,,,,,,,,,,,,,,,,,,,,,,,,1,,
718472,MCOU,XX,63653,1171,6,20133,PLAVIX 75 ,36472.8,1200,235070.98,231150.57,3920.41,,,,,,,,,,,,,,,,,,,,,,,,,,,,,,,,,,,,,,,,,,,,,,,1,
718473,MCOU,XX,63653,1171,6,20134,PLAVIX 75 ,32562.66,1039,190615.34,189590.61,1024.73,,,,,,,,,,,,,,,,,,,,,,,,,,,,,,,,,,,,,,,,,,,,,,,,1
115090,FFSU,XX,63653,1332,2,20111,PLAVIX 300,279,61,4377.05,4377.05,0,,,,,,,,,1,,,,,,,,,,,,,,,,,,,,,,,,,,,,,,,,,,,,,,,
115091,FFSU,XX,63653,1332,2,20112,PLAVIX 300,299,62,3998.01,3998.01,0,,,,,,,,,,1,,,,,,,,,,,,,,,,,,,,,,,,,,,,,,,,,,,,,,
115092,FFSU,XX,63653,1332,2,20113,PLAVIX 300,370.001,94,6898.01,6895.01,3,,,,,,,,,,,1,,,,,,,,,,,,,,,,,,,,,,,,,,,,,,,,,,,,,
115093,FFSU,XX,63653,1332,2,20114,PLAVIX 300,194.304,68,2635.18,2632.18,3,,,,,,,,,,,,1,,,,,,,,,,,,,,,,,,,,,,,,,,,,,,,,,,,,
115094,FFSU,XX,63653,1332,3,20111,PLAVIX 300,37,16,690.63,690.63,0,,,,,,,,,1,,,,,,,,,,,,,,,,,,,,,,,,,,,,,,,,,,,,,,,
115095,FFSU,XX,63653,1332,3,20112,PLAVIX 300,49,14,1452.71,1452.71,0,,,,,,,,,,1,,,,,,,,,,,,,,,,,,,,,,,,,,,,,,,,,,,,,,
115096,FFSU,XX,63653,1332,3,20113,PLAVIX    ,49,19,599.09,599.09,0,,,,,,,,,,,1,,,,,,,,,,,,,,,,,,,,,,,,,,,,,,,,,,,,,
115097,FFSU,XX,63653,1332,3,20114,PLAVIX    ,19,9,350.85,350.85,0,,,,,,,,,,,,1,,,,,,,,,,,,,,,,,,,,,,,,,,,,,,,,,,,,
221504,MCOU,XX,63653,1332,2,20111,PLAVIX    ,2,2,49.48,49.48,0,,,,,,,,,,,,,1,,,,,,,,,,,,,,,,,,,,,,,,,,,,,,,,,,,
221505,MCOU,XX,63653,1332,2,20112,PLAVIX 300,1,1,12.75,12.75,0,,,,,,,,,,,,,,1,,,,,,,,,,,,,,,,,,,,,,,,,,,,,,,,,,
221506,MCOU,XX,63653,1332,2,20113,PLAVIX 300,1,1,18.9,9.71,9.19,,,,,,,,,,,,,,,1,,,,,,,,,,,,,,,,,,,,,,,,,,,,,,,,,
221507,MCOU,XX,63653,1332,2,20114,PLAVIX    ,5,4,13421.24,13421.24,0,,,,,,,,,,,,,,,,1,,,,,,,,,,,,,,,,,,,,,,,,,,,,,,,,
221508,MCOU,XX,63653,1332,3,20112,PLAVIX    ,0,1,1008,1008,0,,,,,,,,,,,,,,1,,,,,,,,,,,,,,,,,,,,,,,,,,,,,,,,,,
345616,FFSU,XX,63653,1332,2,20121,PLAVIX 300,314.9,88,6968.35,6950.35,18,,,,,,,,,,,,,,,,,,,,,,,,,1,,,,,,,,,,,,,,,,,,,,,,,
345617,FFSU,XX,63653,1332,2,20122,PLAVIX 300,197,85,4375.04,4375.04,0,,,,,,,,,,,,,,,,,,,,,,,,,,1,,,,,,,,,,,,,,,,,,,,,,
345618,FFSU,XX,63653,1332,2,20123,PLAVIX 300,184.2,82,4175.73,4175.73,0,,,,,,,,,,,,,,,,,,,,,,,,,,,1,,,,,,,,,,,,,,,,,,,,,
345619,FFSU,XX,63653,1332,2,20124,PLAVIX 300,135,70,2377.8,2376.22,1.58,,,,,,,,,,,,,,,,,,,,,,,,,,,,1,,,,,,,,,,,,,,,,,,,,
345620,FFSU,XX,63653,1332,3,20121,PLAVIX    ,2,1,60.2,60.2,0,,,,,,,,,,,,,,,,,,,,,,,,,1,,,,,,,,,,,,,,,,,,,,,,,
345621,FFSU,XX,63653,1332,3,20122,PLAVIX    ,14,9,309.42,309.42,0,,,,,,,,,,,,,,,,,,,,,,,,,,1,,,,,,,,,,,,,,,,,,,,,,
345622,FFSU,XX,63653,1332,3,20123,PLAVIX    ,5,2,74.24,74.24,0,,,,,,,,,,,,,,,,,,,,,,,,,,,1,,,,,,,,,,,,,,,,,,,,,
345623,FFSU,XX,63653,1332,3,20124,PLAVIX    ,7,4,69.1,69.1,0,,,,,,,,,,,,,,,,,,,,,,,,,,,,1,,,,,,,,,,,,,,,,,,,,
466626,MCOU,XX,63653,1332,2,20121,PLAVIX 300,99,10,7026.36,7026.36,0,,,,,,,,,,,,,,,,,,,,,,,,,,,,,1,,,,,,,,,,,,,,,,,,,
466627,MCOU,XX,63653,1332,2,20122,PLAVIX 300,143,21,16452.78,16449.13,3.65,,,,,,,,,,,,,,,,,,,,,,,,,,,,,,1,,,,,,,,,,,,,,,,,,
466628,MCOU,XX,63653,1332,2,20123,PLAVIX 300,31,16,10837.27,10759.36,77.91,,,,,,,,,,,,,,,,,,,,,,,,,,,,,,,1,,,,,,,,,,,,,,,,,
466629,MCOU,XX,63653,1332,2,20124,PLAVIX 300,26,17,7085.05,6901.58,183.47,,,,,,,,,,,,,,,,,,,,,,,,,,,,,,,,1,,,,,,,,,,,,,,,,
466630,MCOU,XX,63653,1332,3,20122,PLAVIX    ,2,3,8.83,8.83,0,,,,,,,,,,,,,,,,,,,,,,,,,,,,,,1,,,,,,,,,,,,,,,,,,
466631,MCOU,XX,63653,1332,3,20123,PLAVIX    ,6,4,38.55,38.55,0,,,,,,,,,,,,,,,,,,,,,,,,,,,,,,,1,,,,,,,,,,,,,,,,,
466632,MCOU,XX,63653,1332,3,20124,PLAVIX    ,53,8,18.01,18.01,0,,,,,,,,,,,,,,,,,,,,,,,,,,,,,,,,1,,,,,,,,,,,,,,,,
591749,FFSU,XX,63653,1332,2,20131,PLAVIX 300,129,72,2689.27,2689.27,0,,,,,,,,,,,,,,,,,,,,,,,,,,,,,,,,,,,,,,,,,1,,,,,,,
591750,FFSU,XX,63653,1332,2,20132,PLAVIX 300,46,32,1006.9,1006.9,0,,,,,,,,,,,,,,,,,,,,,,,,,,,,,,,,,,,,,,,,,,1,,,,,,
591751,FFSU,XX,63653,1332,2,20133,PLAVIX    ,44.3,29,943.1,943.1,0,,,,,,,,,,,,,,,,,,,,,,,,,,,,,,,,,,,,,,,,,,,1,,,,,
591752,FFSU,XX,63653,1332,2,20134,PLAVIX 300,35.6,29,1040.69,1040.69,0,,,,,,,,,,,,,,,,,,,,,,,,,,,,,,,,,,,,,,,,,,,,1,,,,
591753,FFSU,XX,63653,1332,3,20131,PLAVIX    ,4,2,49.49,49.49,0,,,,,,,,,,,,,,,,,,,,,,,,,,,,,,,,,,,,,,,,,1,,,,,,,
591754,FFSU,XX,63653,1332,3,20132,PLAVIX    ,7,4,105.72,105.72,0,,,,,,,,,,,,,,,,,,,,,,,,,,,,,,,,,,,,,,,,,,1,,,,,,
591755,FFSU,XX,63653,1332,3,20133,PLAVIX    ,304,4,102.4,102.4,0,,,,,,,,,,,,,,,,,,,,,,,,,,,,,,,,,,,,,,,,,,,1,,,,,
591756,FFSU,XX,63653,1332,3,20134,PLAVIX    ,303,3,66.15,66.15,0,,,,,,,,,,,,,,,,,,,,,,,,,,,,,,,,,,,,,,,,,,,,1,,,,
718474,MCOU,XX,63653,1332,2,20131,PLAVIX 300,34,21,34074.48,34026.51,47.97,,,,,,,,,,,,,,,,,,,,,,,,,,,,,,,,,,,,,,,,,,,,,1,,,
718475,MCOU,XX,63653,1332,2,20132,PLAVIX 300,24,15,9567.07,9487.02,80.05,,,,,,,,,,,,,,,,,,,,,,,,,,,,,,,,,,,,,,,,,,,,,,1,,
718476,MCOU,XX,63653,1332,2,20133,PLAVIX 300,20,13,2510.2,2369.24,140.96,,,,,,,,,,,,,,,,,,,,,,,,,,,,,,,,,,,,,,,,,,,,,,,1,
718477,MCOU,XX,63653,1332,2,20134,PLAVIX 300,8,7,122.42,122.42,0,,,,,,,,,,,,,,,,,,,,,,,,,,,,,,,,,,,,,,,,,,,,,,,,1
718478,MCOU,XX,63653,1332,3,20131,PLAVIX    ,2,2,8.18,8.18,0,,,,,,,,,,,,,,,,,,,,,,,,,,,,,,,,,,,,,,,,,,,,,1,,,
718479,MCOU,XX,63653,1332,3,20132,PLAVIX    ,3,3,0.89,0.89,0,,,,,,,,,,,,,,,,,,,,,,,,,,,,,,,,,,,,,,,,,,,,,,1,,
718480,MCOU,XX,63653,1332,3,20133,PLAVIX    ,8,2,0.44,0.44,0,,,,,,,,,,,,,,,,,,,,,,,,,,,,,,,,,,,,,,,,,,,,,,,1,
718481,MCOU,XX,63653,1332,3,20134,PLAVIX 300,4,2,23.19,23.19,0,,,,,,,,,,,,,,,,,,,,,,,,,,,,,,,,,,,,,,,,,,,,,,,,1
348200,FFSU,XX,64679,314,0,20124,CLOPIDOGRE,1740,58,955.98,948.98,7,,,,,,,,,,,,,,,,,,,,1,,,,,,,,,,,,,,,,,,,,,,,,,,,,
348201,FFSU,XX,64679,314,1,20123,CLOPIDOGRE,484,16,185.21,179.21,6,,,,,,,,,,,,,,,,,,,1,,,,,,,,,,,,,,,,,,,,,,,,,,,,,
348202,FFSU,XX,64679,314,1,20124,CLOPIDOGRE,152647,4868,58541.62,50089.95,8451.67,,,,,,,,,,,,,,,,,,,,1,,,,,,,,,,,,,,,,,,,,,,,,,,,,
348203,FFSU,XX,64679,314,2,20124,CLOPIDOGRE,8157,261,3490.73,3227.03,263.7,,,,,,,,,,,,,,,,,,,,1,,,,,,,,,,,,,,,,,,,,,,,,,,,,
469147,MCOU,XX,64679,314,0,20124,CLOPIDOGRE,120,2,74.5,74.5,0,,,,,,,,,,,,,,,,,,,,,,,,1,,,,,,,,,,,,,,,,,,,,,,,,
469148,MCOU,XX,64679,314,1,20123,CLOPIDOGRE,150,5,134.13,134.13,0,,,,,,,,,,,,,,,,,,,,,,,1,,,,,,,,,,,,,,,,,,,,,,,,,
469149,MCOU,XX,64679,314,1,20124,CLOPIDOGRE,126719,4060,171891.48,171604.36,287.12,,,,,,,,,,,,,,,,,,,,,,,,1,,,,,,,,,,,,,,,,,,,,,,,,
469150,MCOU,XX,64679,314,2,20123,CLOPIDOGRE,61,3,60.74,60.74,0,,,,,,,,,,,,,,,,,,,,,,,1,,,,,,,,,,,,,,,,,,,,,,,,,
469151,MCOU,XX,64679,314,2,20124,CLOPIDOGRE,7902,268,11516.86,11480.56,36.3,,,,,,,,,,,,,,,,,,,,,,,,1,,,,,,,,,,,,,,,,,,,,,,,,
594445,FFSU,XX,64679,314,0,20131,CLOPIDOGRE,1739,58,951.52,947.52,4,,,,,,,,,,,,,,,,,,,,,,,,,,,,,,,,,1,,,,,,,,,,,,,,,
594446,FFSU,XX,64679,314,0,20132,CLOPIDOGRE,1682,56,909.34,909.34,0,,,,,,,,,,,,,,,,,,,,,,,,,,,,,,,,,,1,,,,,,,,,,,,,,
594447,FFSU,XX,64679,314,0,20133,CLOPIDOGRE,1381,46,764.54,764.54,0,,,,,,,,,,,,,,,,,,,,,,,,,,,,,,,,,,,1,,,,,,,,,,,,,
594448,FFSU,XX,64679,314,0,20134,CLOPIDOGRE,1680,56,908.34,908.34,0,,,,,,,,,,,,,,,,,,,,,,,,,,,,,,,,,,,,1,,,,,,,,,,,,
594449,FFSU,XX,64679,314,1,20131,CLOPIDOGRE,218280,6871,86183.77,73774.89,12408.88,,,,,,,,,,,,,,,,,,,,,,,,,,,,,,,,,1,,,,,,,,,,,,,,,
594450,FFSU,XX,64679,314,1,20132,CLOPIDOGRE,214010,6743,80328.71,69960.23,10368.48,,,,,,,,,,,,,,,,,,,,,,,,,,,,,,,,,,1,,,,,,,,,,,,,,
594451,FFSU,XX,64679,314,1,20133,CLOPIDOGRE,170144.666,5385,62487.47,57819.54,4667.93,,,,,,,,,,,,,,,,,,,,,,,,,,,,,,,,,,,1,,,,,,,,,,,,,
594452,FFSU,XX,64679,314,1,20134,CLOPIDOGRE,69997,2310,18969.27,18115.16,854.11,,,,,,,,,,,,,,,,,,,,,,,,,,,,,,,,,,,,1,,,,,,,,,,,,
594453,FFSU,XX,64679,314,2,20131,CLOPIDOGRE,28439,931,11966.53,10836.12,1130.41,,,,,,,,,,,,,,,,,,,,,,,,,,,,,,,,,1,,,,,,,,,,,,,,,
594454,FFSU,XX,64679,314,2,20132,CLOPIDOGRE,38751,1245,17727.61,15506.83,2220.78,,,,,,,,,,,,,,,,,,,,,,,,,,,,,,,,,,1,,,,,,,,,,,,,,
594455,FFSU,XX,64679,314,2,20133,CLOPIDOGRE,31083,984,14869.1,14361.53,507.57,,,,,,,,,,,,,,,,,,,,,,,,,,,,,,,,,,,1,,,,,,,,,,,,,
594456,FFSU,XX,64679,314,2,20134,CLOPIDOGRE,8224,273,3406.14,3247.51,158.63,,,,,,,,,,,,,,,,,,,,,,,,,,,,,,,,,,,,1,,,,,,,,,,,,
594457,FFSU,XX,64679,314,3,20131,CLOPIDOGRE,1348,41,614.31,575.31,39,,,,,,,,,,,,,,,,,,,,,,,,,,,,,,,,,1,,,,,,,,,,,,,,,
594458,FFSU,XX,64679,314,3,20132,CLOPIDOGRE,22263,734,9878.98,9317.11,561.87,,,,,,,,,,,,,,,,,,,,,,,,,,,,,,,,,,1,,,,,,,,,,,,,,
594459,FFSU,XX,64679,314,3,20133,CLOPIDOGRE,40136,1293,21968.9,20814.88,1154.02,,,,,,,,,,,,,,,,,,,,,,,,,,,,,,,,,,,1,,,,,,,,,,,,,
594460,FFSU,XX,64679,314,3,20134,CLOPIDOGRE,21490,704,16683.95,16319.54,364.41,,,,,,,,,,,,,,,,,,,,,,,,,,,,,,,,,,,,1,,,,,,,,,,,,
721235,MCOU,XX,64679,314,0,20131,CLOPIDOGRE,480,12,144.87,144.87,0,,,,,,,,,,,,,,,,,,,,,,,,,,,,,,,,,,,,,1,,,,,,,,,,,
721236,MCOU,XX,64679,314,0,20132,CLOPIDOGRE,780,14,265.34,265.34,0,,,,,,,,,,,,,,,,,,,,,,,,,,,,,,,,,,,,,,1,,,,,,,,,,
721237,MCOU,XX,64679,314,0,20133,CLOPIDOGRE,450,13,192.32,189.32,3,,,,,,,,,,,,,,,,,,,,,,,,,,,,,,,,,,,,,,,1,,,,,,,,,
721238,MCOU,XX,64679,314,0,20134,CLOPIDOGRE,780,26,303.7,303.7,0,,,,,,,,,,,,,,,,,,,,,,,,,,,,,,,,,,,,,,,,1,,,,,,,,
721239,MCOU,XX,64679,314,1,20131,CLOPIDOGRE,188905,5972,208606.2,208423.21,182.99,,,,,,,,,,,,,,,,,,,,,,,,,,,,,,,,,,,,,1,,,,,,,,,,,
721240,MCOU,XX,64679,314,1,20132,CLOPIDOGRE,244694,7996,177706.49,177498.79,207.7,,,,,,,,,,,,,,,,,,,,,,,,,,,,,,,,,,,,,,1,,,,,,,,,,
721241,MCOU,XX,64679,314,1,20133,CLOPIDOGRE,171201.06,5594,127016.12,126885.64,130.48,,,,,,,,,,,,,,,,,,,,,,,,,,,,,,,,,,,,,,,1,,,,,,,,,
721242,MCOU,XX,64679,314,1,20134,CLOPIDOGRE,78052.06,2690,44827.05,44723.55,103.5,,,,,,,,,,,,,,,,,,,,,,,,,,,,,,,,,,,,,,,,1,,,,,,,,
721243,MCOU,XX,64679,314,2,20131,CLOPIDOGRE,42649.03,1387,46936.21,46785.26,150.95,,,,,,,,,,,,,,,,,,,,,,,,,,,,,,,,,,,,,1,,,,,,,,,,,
721244,MCOU,XX,64679,314,2,20132,CLOPIDOGRE,66075,2062,62839.74,62286.25,553.49,,,,,,,,,,,,,,,,,,,,,,,,,,,,,,,,,,,,,,1,,,,,,,,,,
721245,MCOU,XX,64679,314,2,20133,CLOPIDOGRE,48967,1586,37189.1,37093.1,96,,,,,,,,,,,,,,,,,,,,,,,,,,,,,,,,,,,,,,,1,,,,,,,,,
721246,MCOU,XX,64679,314,2,20134,CLOPIDOGRE,14697,491,9824.95,9803.45,21.5,,,,,,,,,,,,,,,,,,,,,,,,,,,,,,,,,,,,,,,,1,,,,,,,,
721247,MCOU,XX,64679,314,3,20131,CLOPIDOGRE,420,14,128.7,128.7,0,,,,,,,,,,,,,,,,,,,,,,,,,,,,,,,,,,,,,1,,,,,,,,,,,
721248,MCOU,XX,64679,314,3,20132,CLOPIDOGRE,17922,596,14779.33,14562.79,216.54,,,,,,,,,,,,,,,,,,,,,,,,,,,,,,,,,,,,,,1,,,,,,,,,,
721249,MCOU,XX,64679,314,3,20133,CLOPIDOGRE,53214,1770,43626.68,43313.68,313,,,,,,,,,,,,,,,,,,,,,,,,,,,,,,,,,,,,,,,1,,,,,,,,,
721250,MCOU,XX,64679,314,3,20134,CLOPIDOGRE,32386,1072,27120.43,26889.43,231,,,,,,,,,,,,,,,,,,,,,,,,,,,,,,,,,,,,,,,,1,,,,,,,,
594461,FFSU,XX,64679,315,1,20131,Clopidogre,1,1,25.09,25.09,0,,,,,,,,,,,,,,,,,,,,,,,,,,,,,,,,,1,,,,,,,,,,,,,,,
721251,MCOU,XX,64679,315,1,20133,CLOPIDOGRE,30,1,627.45,627.45,0,,,,,,,,,,,,,,,,,,,,,,,,,,,,,,,,,,,,,,,1,,,,,,,,,
351864,FFSU,XX,65862,357,5,20122,CLOPIDOGRE,34610,1098,45616.08,43878.96,1737.12,,,,,,,,,,,,,,,,,,1,,,,,,,,,,,,,,,,,,,,,,,,,,,,,,
351865,FFSU,XX,65862,357,5,20123,CLOPIDOGRE,216745.933,6957,237976.85,231045.09,6931.76,,,,,,,,,,,,,,,,,,,1,,,,,,,,,,,,,,,,,,,,,,,,,,,,,
351866,FFSU,XX,65862,357,5,20124,CLOPIDOGRE,254668,8212,137961.67,131157.17,6804.5,,,,,,,,,,,,,,,,,,,,1,,,,,,,,,,,,,,,,,,,,,,,,,,,,
351867,FFSU,XX,65862,357,30,20122,CLOPIDOGRE,24652,803,34430.55,34177.99,252.56,,,,,,,,,,,,,,,,,,1,,,,,,,,,,,,,,,,,,,,,,,,,,,,,,
351868,FFSU,XX,65862,357,30,20123,CLOPIDOGRE,136662,4470,157006.11,155367.77,1638.34,,,,,,,,,,,,,,,,,,,1,,,,,,,,,,,,,,,,,,,,,,,,,,,,,
351869,FFSU,XX,65862,357,30,20124,CLOPIDOGRE,113087,3690,56581.96,54529.68,2052.28,,,,,,,,,,,,,,,,,,,,1,,,,,,,,,,,,,,,,,,,,,,,,,,,,
351870,FFSU,XX,65862,357,90,20122,CLOPIDOGRE,21446,668,41235.95,39967.04,1268.91,,,,,,,,,,,,,,,,,,1,,,,,,,,,,,,,,,,,,,,,,,,,,,,,,
351871,FFSU,XX,65862,357,90,20123,CLOPIDOGRE,140407,4327,158201.58,153560.83,4640.75,,,,,,,,,,,,,,,,,,,1,,,,,,,,,,,,,,,,,,,,,,,,,,,,,
351872,FFSU,XX,65862,357,90,20124,CLOPIDOGRE,146681,4569,75429.44,70378.81,5050.63,,,,,,,,,,,,,,,,,,,,1,,,,,,,,,,,,,,,,,,,,,,,,,,,,
472830,MCOU,XX,65862,357,5,20122,CLOPIDOGRE,37139,1238,80632.53,79476.12,1156.41,,,,,,,,,,,,,,,,,,,,,,1,,,,,,,,,,,,,,,,,,,,,,,,,,
472831,MCOU,XX,65862,357,5,20123,CLOPIDOGRE,184505,6169,262858.83,261759.24,1099.59,,,,,,,,,,,,,,,,,,,,,,,1,,,,,,,,,,,,,,,,,,,,,,,,,
472832,MCOU,XX,65862,357,5,20124,CLOPIDOGRE,263529,8820,348209.29,346978.94,1230.35,,,,,,,,,,,,,,,,,,,,,,,,1,,,,,,,,,,,,,,,,,,,,,,,,
472833,MCOU,XX,65862,357,30,20122,CLOPIDOGRE,35936,1200,92147.65,91329.71,817.94,,,,,,,,,,,,,,,,,,,,,,1,,,,,,,,,,,,,,,,,,,,,,,,,,
472834,MCOU,XX,65862,357,30,20123,CLOPIDOGRE,156533,5253,252572.63,251901.48,671.15,,,,,,,,,,,,,,,,,,,,,,,1,,,,,,,,,,,,,,,,,,,,,,,,,
472835,MCOU,XX,65862,357,30,20124,CLOPIDOGRE,155861,5204,224449.69,224032.26,417.43,,,,,,,,,,,,,,,,,,,,,,,,1,,,,,,,,,,,,,,,,,,,,,,,,
472836,MCOU,XX,65862,357,90,20122,CLOPIDOGRE,42595,1405,85371.23,83941.09,1430.14,,,,,,,,,,,,,,,,,,,,,,1,,,,,,,,,,,,,,,,,,,,,,,,,,
472837,MCOU,XX,65862,357,90,20123,CLOPIDOGRE,168331.002,5580,218789.64,217663.01,1126.63,,,,,,,,,,,,,,,,,,,,,,,1,,,,,,,,,,,,,,,,,,,,,,,,,
472838,MCOU,XX,65862,357,90,20124,CLOPIDOGRE,164796,5418,204067.46,202998.78,1068.68,,,,,,,,,,,,,,,,,,,,,,,,1,,,,,,,,,,,,,,,,,,,,,,,,
598245,FFSU,XX,65862,357,5,20131,CLOPIDOGRE,287672,9366,164085.26,156035.34,8049.92,,,,,,,,,,,,,,,,,,,,,,,,,,,,,,,,,1,,,,,,,,,,,,,,,
598246,FFSU,XX,65862,357,5,20132,CLOPIDOGRE,301951.481,9840,158377.38,154017.63,4359.75,,,,,,,,,,,,,,,,,,,,,,,,,,,,,,,,,,1,,,,,,,,,,,,,,
598247,FFSU,XX,65862,357,5,20133,CLOPIDOGRE,257411,8256,128130.04,125146.07,2983.97,,,,,,,,,,,,,,,,,,,,,,,,,,,,,,,,,,,1,,,,,,,,,,,,,
598248,FFSU,XX,65862,357,5,20134,CLOPIDOGRE,283386,8901,132591.2,128393.88,4197.32,,,,,,,,,,,,,,,,,,,,,,,,,,,,,,,,,,,,1,,,,,,,,,,,,
598249,FFSU,XX,65862,357,30,20131,CLOPIDOGRE,95703,3101,45210.59,43282.27,1928.32,,,,,,,,,,,,,,,,,,,,,,,,,,,,,,,,,1,,,,,,,,,,,,,,,
598250,FFSU,XX,65862,357,30,20132,CLOPIDOGRE,292899,8832,165325.22,160943.21,4382.01,,,,,,,,,,,,,,,,,,,,,,,,,,,,,,,,,,1,,,,,,,,,,,,,,
598251,FFSU,XX,65862,357,30,20133,CLOPIDOGRE,366421.001,10854,229190.87,223987.33,5203.54,,,,,,,,,,,,,,,,,,,,,,,,,,,,,,,,,,,1,,,,,,,,,,,,,
598252,FFSU,XX,65862,357,30,20134,CLOPIDOGRE,206591.001,6364,113872.56,111055.57,2816.99,,,,,,,,,,,,,,,,,,,,,,,,,,,,,,,,,,,,1,,,,,,,,,,,,
598253,FFSU,XX,65862,357,90,20131,CLOPIDOGRE,127642,3917,64634.02,60655.42,3978.6,,,,,,,,,,,,,,,,,,,,,,,,,,,,,,,,,1,,,,,,,,,,,,,,,
598254,FFSU,XX,65862,357,90,20132,CLOPIDOGRE,115485,3474,54381.23,50799.38,3581.85,,,,,,,,,,,,,,,,,,,,,,,,,,,,,,,,,,1,,,,,,,,,,,,,,
598255,FFSU,XX,65862,357,90,20133,CLOPIDOGRE,131974,4064,64846.08,62034.58,2811.5,,,,,,,,,,,,,,,,,,,,,,,,,,,,,,,,,,,1,,,,,,,,,,,,,
598256,FFSU,XX,65862,357,90,20134,CLOPIDOGRE,308621.9,9348,141382.1,130820.21,10561.89,,,,,,,,,,,,,,,,,,,,,,,,,,,,,,,,,,,,1,,,,,,,,,,,,
598257,FFSU,XX,65862,357,99,20132,CLOPIDOGRE,210,7,90.66,90.66,0,,,,,,,,,,,,,,,,,,,,,,,,,,,,,,,,,,1,,,,,,,,,,,,,,
598258,FFSU,XX,65862,357,99,20133,NOT AVAILA,14519,405,7633.6,7540.34,93.26,,,,,,,,,,,,,,,,,,,,,,,,,,,,,,,,,,,,,,,,,,,,,,,,
598259,FFSU,XX,65862,357,99,20134,CLOPIDOGRE,14075,397,8465.25,8263.51,201.74,,,,,,,,,,,,,,,,,,,,,,,,,,,,,,,,,,,,1,,,,,,,,,,,,
725149,MCOU,XX,65862,357,5,20131,CLOPIDOGRE,322937,10748,409359.91,396631.41,12728.5,,,,,,,,,,,,,,,,,,,,,,,,,,,,,,,,,,,,,1,,,,,,,,,,,
725150,MCOU,XX,65862,357,5,20132,CLOPIDOGRE,382806.03,12589,364507.04,355960.93,8546.11,,,,,,,,,,,,,,,,,,,,,,,,,,,,,,,,,,,,,,1,,,,,,,,,,
725151,MCOU,XX,65862,357,5,20133,CLOPIDOGRE,299524,9916,230029.15,228870.78,1158.37,,,,,,,,,,,,,,,,,,,,,,,,,,,,,,,,,,,,,,,1,,,,,,,,,
725152,MCOU,XX,65862,357,5,20134,CLOPIDOGRE,340818,11323,251862.47,249704.6,2157.87,,,,,,,,,,,,,,,,,,,,,,,,,,,,,,,,,,,,,,,,1,,,,,,,,
725153,MCOU,XX,65862,357,30,20131,CLOPIDOGRE,174231,5746,249359.66,231455.28,17904.38,,,,,,,,,,,,,,,,,,,,,,,,,,,,,,,,,,,,,1,,,,,,,,,,,
725154,MCOU,XX,65862,357,30,20132,CLOPIDOGRE,717445,23310,601729.97,595139.11,6590.86,,,,,,,,,,,,,,,,,,,,,,,,,,,,,,,,,,,,,,1,,,,,,,,,,
725155,MCOU,XX,65862,357,30,20133,CLOPIDOGRE,874125.001,28296,655524.79,652810.13,2714.66,,,,,,,,,,,,,,,,,,,,,,,,,,,,,,,,,,,,,,,1,,,,,,,,,
725156,MCOU,XX,65862,357,30,20134,CLOPIDOGRE,547889,17955,407145.38,405446.77,1698.61,,,,,,,,,,,,,,,,,,,,,,,,,,,,,,,,,,,,,,,,1,,,,,,,,
725157,MCOU,XX,65862,357,90,20131,CLOPIDOGRE,190702.09,6260,260589.66,230465.16,30124.5,,,,,,,,,,,,,,,,,,,,,,,,,,,,,,,,,,,,,1,,,,,,,,,,,
725158,MCOU,XX,65862,357,90,20132,CLOPIDOGRE,189062,6074,178317.59,171450.07,6867.52,,,,,,,,,,,,,,,,,,,,,,,,,,,,,,,,,,,,,,1,,,,,,,,,,
725159,MCOU,XX,65862,357,90,20133,CLOPIDOGRE,219300,7147,168944.04,167589.3,1354.74,,,,,,,,,,,,,,,,,,,,,,,,,,,,,,,,,,,,,,,1,,,,,,,,,
725160,MCOU,XX,65862,357,90,20134,CLOPIDOGRE,454233.401,14960,352742.8,350501.15,2241.65,,,,,,,,,,,,,,,,,,,,,,,,,,,,,,,,,,,,,,,,1,,,,,,,,
725161,MCOU,XX,65862,357,99,20132,CLOPIDOGRE,1050,35,1270.81,1270.81,0,,,,,,,,,,,,,,,,,,,,,,,,,,,,,,,,,,,,,,1,,,,,,,,,,
725162,MCOU,XX,65862,357,99,20133,CLOPIDOGRE,17674,593,15700.68,15681.18,19.5,,,,,,,,,,,,,,,,,,,,,,,,,,,,,,,,,,,,,,,1,,,,,,,,,
725163,MCOU,XX,65862,357,99,20134,CLOPIDOGRE,20053,682,16175.26,16097.32,77.94,,,,,,,,,,,,,,,,,,,,,,,,,,,,,,,,,,,,,,,,1,,,,,,,,
604146,FFSU,XX,68084,537,25,20132,CLOPIDOGRE,31,2,578.99,577.99,1,,,,,,,,,,,,,,,,,,,,,,,,,,,,,,,,,,1,,,,,,,,,,,,,,
604147,FFSU,XX,68084,537,25,20133,CLOPIDOGRE,1,1,24.35,24.35,0,,,,,,,,,,,,,,,,,,,,,,,,,,,,,,,,,,,1,,,,,,,,,,,,,
730624,MCOU,XX,68084,537,25,20131,CLOPIDOGRE,2,1,31.45,31.45,0,,,,,,,,,,,,,,,,,,,,,,,,,,,,,,,,,,,,,1,,,,,,,,,,,
730625,MCOU,XX,68084,537,25,20132,CLOPIDOGRE,30,1,602.91,602.91,0,,,,,,,,,,,,,,,,,,,,,,,,,,,,,,,,,,,,,,1,,,,,,,,,,
730626,MCOU,XX,68084,537,25,20134,CLOPIDOGRE,5,5,127.55,71.66,55.89,,,,,,,,,,,,,,,,,,,,,,,,,,,,,,,,,,,,,,,,1,,,,,,,,
357614,FFSU,XX,68084,609,1,20123,CLOPIDOGRE,1033,36,1123.58,758.04,365.54,,,,,,,,,,,,,,,,,,,1,,,,,,,,,,,,,,,,,,,,,,,,,,,,,
357615,FFSU,XX,68084,609,1,20124,CLOPIDOGRE,2902,126,1640.78,1606.78,34,,,,,,,,,,,,,,,,,,,,1,,,,,,,,,,,,,,,,,,,,,,,,,,,,
357616,FFSU,XX,68084,609,11,20123,CLOPIDOGRE,210,7,932.95,932.95,0,,,,,,,,,,,,,,,,,,,1,,,,,,,,,,,,,,,,,,,,,,,,,,,,,
357617,FFSU,XX,68084,609,11,20124,CLOPIDOGRE,38,9,27.66,27.66,0,,,,,,,,,,,,,,,,,,,,1,,,,,,,,,,,,,,,,,,,,,,,,,,,,
477676,MCOU,XX,68084,609,1,20123,CLOPIDOGRE,30,1,25.39,25.39,0,,,,,,,,,,,,,,,,,,,,,,,1,,,,,,,,,,,,,,,,,,,,,,,,,
477677,MCOU,XX,68084,609,1,20124,CLOPIDOGRE,290,23,1722.58,1719.58,3,,,,,,,,,,,,,,,,,,,,,,,,1,,,,,,,,,,,,,,,,,,,,,,,,
604372,FFSU,XX,68084,609,1,20131,CLOPIDOGRE,2910,119,1457.02,1423.02,34,,,,,,,,,,,,,,,,,,,,,,,,,,,,,,,,,1,,,,,,,,,,,,,,,
604373,FFSU,XX,68084,609,1,20132,CLOPIDOGRE,3160,168,1585.15,1576.71,8.44,,,,,,,,,,,,,,,,,,,,,,,,,,,,,,,,,,1,,,,,,,,,,,,,,
604374,FFSU,XX,68084,609,1,20133,CLOPIDOGRE,2564,108,1301.55,1299.55,2,,,,,,,,,,,,,,,,,,,,,,,,,,,,,,,,,,,1,,,,,,,,,,,,,
604375,FFSU,XX,68084,609,1,20134,CLOPIDOGRE,3229,118,2432.98,2432.98,0,,,,,,,,,,,,,,,,,,,,,,,,,,,,,,,,,,,,1,,,,,,,,,,,,
604376,FFSU,XX,68084,609,11,20131,CLOPIDOGRE,46,17,63.64,63.64,0,,,,,,,,,,,,,,,,,,,,,,,,,,,,,,,,,1,,,,,,,,,,,,,,,
604377,FFSU,XX,68084,609,11,20132,CLOPIDOGRE,183,9,79.5,79.5,0,,,,,,,,,,,,,,,,,,,,,,,,,,,,,,,,,,1,,,,,,,,,,,,,,
604378,FFSU,XX,68084,609,11,20133,CLOPIDOGRE,212,9,94.98,94.98,0,,,,,,,,,,,,,,,,,,,,,,,,,,,,,,,,,,,1,,,,,,,,,,,,,
604379,FFSU,XX,68084,609,11,20134,CLOPIDOGRE,300,10,124.97,124.97,0,,,,,,,,,,,,,,,,,,,,,,,,,,,,,,,,,,,,1,,,,,,,,,,,,
730781,MCOU,XX,68084,609,1,20131,CLOPIDOGRE,70,12,15274.5,15274.5,0,,,,,,,,,,,,,,,,,,,,,,,,,,,,,,,,,,,,,1,,,,,,,,,,,
730782,MCOU,XX,68084,609,1,20132,CLOPIDOGRE,116,14,4373.88,4372.95,0.93,,,,,,,,,,,,,,,,,,,,,,,,,,,,,,,,,,,,,,1,,,,,,,,,,
730783,MCOU,XX,68084,609,1,20133,CLOPIDOGRE,120,23,922.98,914.92,8.06,,,,,,,,,,,,,,,,,,,,,,,,,,,,,,,,,,,,,,,1,,,,,,,,,
730784,MCOU,XX,68084,609,1,20134,CLOPIDOGRE,66,21,7627.76,7620.86,6.9,,,,,,,,,,,,,,,,,,,,,,,,,,,,,,,,,,,,,,,,1,,,,,,,,
730785,MCOU,XX,68084,609,11,20131,CLOPIDOGRE,4,3,12649.86,12649.86,0,,,,,,,,,,,,,,,,,,,,,,,,,,,,,,,,,,,,,1,,,,,,,,,,,
608191,FFSU,XX,68645,443,70,20131,CLOPIDOGRE,188901,5783,82742.27,75025.2,7717.07,,,,,,,,,,,,,,,,,,,,,,,,,,,,,,,,,1,,,,,,,,,,,,,,,
608192,FFSU,XX,68645,443,70,20132,CLOPIDOGRE,467428,14446,184312.69,169887.06,14425.63,,,,,,,,,,,,,,,,,,,,,,,,,,,,,,,,,,1,,,,,,,,,,,,,,
608193,FFSU,XX,68645,443,70,20133,CLOPIDOGRE,506772.001,15623,197195.72,183058.91,14136.81,,,,,,,,,,,,,,,,,,,,,,,,,,,,,,,,,,,1,,,,,,,,,,,,,
608194,FFSU,XX,68645,443,70,20134,CLOPIDOGRE,537038.03,16206,196510.92,181910.87,14600.05,,,,,,,,,,,,,,,,,,,,,,,,,,,,,,,,,,,,1,,,,,,,,,,,,
734545,MCOU,XX,68645,443,70,20131,CLOPIDOGRE,140986,4641,136753.69,135374.49,1379.2,,,,,,,,,,,,,,,,,,,,,,,,,,,,,,,,,,,,,1,,,,,,,,,,,
734546,MCOU,XX,68645,443,70,20132,CLOPIDOGRE,408904,13346,307040.82,303097.27,3943.55,,,,,,,,,,,,,,,,,,,,,,,,,,,,,,,,,,,,,,1,,,,,,,,,,
734547,MCOU,XX,68645,443,70,20133,CLOPIDOGRE,453290.001,14911,292544.46,288687.28,3857.18,,,,,,,,,,,,,,,,,,,,,,,,,,,,,,,,,,,,,,,1,,,,,,,,,
734548,MCOU,XX,68645,443,70,20134,CLOPIDOGRE,481703.001,15824,278075.33,273652.63,4422.7,,,,,,,,,,,,,,,,,,,,,,,,,,,,,,,,,,,,,,,,1,,,,,,,,
,,,,,,,,,,,,,1,0,1,0,0,0,0,0,6,6,6,6,5,6,5,5,0,21,29,32,0,25,29,31,6,6,6,6,5,6,6,6,37,34,34,33,35,35,35,35,6,6,6,6,6,6,6,6
,,,,,,,,,,,,,,,,,,,,,,,,,,,,,,,,,,,,,,,,,,,,,,,,,,,,,,,,,,,,
,,,,,,,,,,,,,,,,,,,,,,,,,,,,,,,,,,,,,,,,,,,,,,,,,,,,,,,,,,,,
,,,,,,,,,,,,,Scripts,,,,,,,,,,,,,,,,,,,,,,,,,,,,,,,,,,,,,,,,,,,,,,,
,,,,,,,,,,,,,,2011Q1,2011Q2,2011Q3,2011Q4,2012Q1,2012Q2,2012Q3,2012Q4,2013Q1,2013Q2,2013Q3,2013Q4,,,,,,,,,,,,,,,,,,,,,,,,,,,,,,,,,,,
,,,,,,,,,,,,,FFS plavix,337832,327006,298846,231900,234848,171303,40252,10043,5431,7663,4536,3499,,,,,FFS Lipitor,25262581.25,18806118.56,9721023.91,5123964.38,,,,,,,,,,,,FFS Lipitor,25262581.25,18806118.56,9721023.91,5123964.38,,,,,,,,,,
,,,,,,,,,,,,,MCO plavix,80976,87721,91111,170054,169545,144589,23754,10537,5586,3394,2503,1957,,,,,MCO Lipitor,3450083.79,1674622.49,684279.66,432258.27,,,,,,,,,,,,MCO Lipitor,3450083.79,1674622.49,684279.66,432258.27,,,,,,,,,,
,,,,,,,,,,,,,FFS Generic,1,0,2,0,0,34130,160366,175178,170401,169611,166172,157954,,,,,FFS Generic,11204413.16,11203823.43,8280164.82,7370324.45,,,,,,,,,,,,FFS Generic,11204413.16,11203823.43,8280164.82,7370324.45,,,,,,,,,,
,,,,,,,,,,,,,MCO Generic,0,0,0,0,0,53390,189484,202655,222122,224732,222675,218395,,,,,MCO Generic,20354040.69,24081106.72,10339902.52,9627979.23,,,,,,,,,,,,MCO Generic,20354040.69,24081106.72,10339902.52,9627979.23,,,,,,,,,,
,,,,,,,,,,,,,Total,418809,414727,389959,401954,404393,403412,413856,398413,403540,405400,395886,381805,,,,,,,,,,,,,,,,,,,,,,,,,,,,,,,,,,,
,,,,,,,,,,,,,FFS Total,337833,327006,298848,231900,234848,205433,200618,185221,175832,177274,170708,161453,,,,,,,,,,,,,,,,,,,,,,,,,,,,,,,,,,,
,,,,,,,,,,,,,MCO Total,80976,87721,91111,170054,169545,197979,213238,213192,227708,228126,225178,220352,,,,,,,,,,,,,,,,,,,,,,,,,,,,,,,,,,,
,,,,,,,,,,,,,Total,418809,414727,389959,401954,404393,403412,413856,398413,403540,405400,395886,381805,,,,,,,,,,,,,,,,,,,,,,,,,,,,,,,,,,,
,,,,,,,,,,,,,,,,,,,,,,,,,,,,,,,,,,,,,,,,,,,,,,,,,,,,,,,,,,,,
,,,,,,,,,,,,,GDR FFS,0.00%,0.00%,0.00%,0.00%,0.00%,16.61%,79.94%,94.58%,96.91%,95.68%,97.34%,97.83%,,,,,,,,,,,,,,,,,,,,,,,,,,,,,,,,,,,
,,,,,,,,,,,,,GDR MCO,0.00%,0.00%,0.00%,0.00%,0.00%,26.97%,88.86%,95.06%,97.55%,98.51%,98.89%,99.11%,,,,,,,,,,,,,,,,,,,,,,,,,,,,,,,,,,,
,,,,,,,,,,,,,,,,,,,,,,,,,,,,,,,,,,,,,,,,,,,,,,,,,,,,,,,,,,,,
,,,,,,,,,,,,,Total Reimbursements,,,,,,,,,,,,,,,,,,,,,,,,,,,,,,,,,,,,,,,,,,,,,,,
,,,,,,,,,,,,,,2011Q1,2011Q2,2011Q3,2011Q4,2012Q1,2012Q2,2012Q3,2012Q4,2013Q1,2013Q2,2013Q3,2013Q4,,,,,,,,,,,,,,,,,,,,,,,,,,,,,,,,,,,
,,,,,,,,,,,,,FFS Lipitor,64426834.03,66878194.93,61269723.74,47036770.28,48864413.31,35339641.92,7779013.42,1841302.03,990967.17,1416132.84,886336.5,695960.69,,,,,,,,,,,,,,,,,,,,,,,,,,,,,,,,,,,
,,,,,,,,,,,,,MCO Lipitor,15269382.19,17993640.67,18885210.52,33051912.18,35261696.73,29498879.78,4600660.47,2185036.74,1171511.56,856060.29,551769.88,332588.68,,,,,,,,,,,,,,,,,,,,,,,,,,,,,,,,,,,
,,,,,,,,,,,,,FFS Generic,32.25,0,134.98,0,0,1448978.41,4237150.96,2905309.67,2760761.87,2544457.07,2550185.37,2258419.13,,,,,,,,,,,,,,,,,,,,,,,,,,,,,,,,,,,
,,,,,,,,,,,,,MCO Generic,0,0,0,0,0,3871258.51,8486816.99,8622981.6,9254195.67,6657247.82,5571350.45,4990888.07,,,,,,,,,,,,,,,,,,,,,,,,,,,,,,,,,,,
,,,,,,,,,,,,,FFS Total,64426866.28,66878194.93,61269858.72,47036770.28,48864413.31,36788620.33,12016164.38,4746611.7,3751729.04,3960589.91,3436521.87,2954379.82,,,,,,,,,,,,,,,,,,,,,,,,,,,,,,,,,,,
,,,,,,,,,,,,,MCO Total,15269382.19,17993640.67,18885210.52,33051912.18,35261696.73,33370138.29,13087477.46,10808018.34,10425707.23,7513308.11,6123120.33,5323476.75,,,,,,,,,,,,,,,,,,,,,,,,,,,,,,,,,,,
,,,,,,,,,,,,,Brand Total,79696216.22,84871835.6,80154934.26,80088682.46,84126110.04,64838521.7,12379673.89,4026338.77,2162478.73,2272193.13,1438106.38,1028549.37,,,,,,,,,,,,,,,,,,,,,,,,,,,,,,,,,,,
,,,,,,,,,,,,,Generic Total,32.25,0,134.98,0,0,5320236.92,12723967.95,11528291.27,12014957.54,9201704.89,8121535.82,7249307.2,,,,,,,,,,,,,,,,,,,,,,,,,,,,,,,,,,,
,,,,,,,,,,,,,Total,79696248.47,84871835.6,80155069.24,80088682.46,84126110.04,70158758.62,25103641.84,15554630.04,14177436.27,11473898.02,9559642.2,8277856.57,,,,,,,,,,,,,,,,,,,,,,,,,,,,,,,,,,,
,,,,,,,,,,,,,GDR FFS,0.00%,0.00%,0.00%,0.00%,0.00%,3.94%,35.26%,61.21%,73.59%,64.24%,74.21%,76.44%,,,,,,,,,,,,,,,,,,,,,,,,,,,,,,,,,,,
,,,,,,,,,,,,,GDR MCO,0.00%,0.00%,0.00%,0.00%,0.00%,11.60%,64.85%,79.78%,88.76%,88.61%,90.99%,93.75%,,,,,,,,,,,,,,,,,,,,,,,,,,,,,,,,,,,
,,,,,,,,,,,,,,,,,,,,,,,,,,,,,,,,,,,,,,,,,,,,,,,,,,,,,,,,,,,,
,,,,,,,,,,,,,Price per script,,,,,,,,,,,,,,,,,,,,,,,,,,,,,,,,,,,,,,,,,,,,,,,
,,,,,,,,,,,,,,2011Q1,2011Q2,2011Q3,2011Q4,2012Q1,2012Q2,2012Q3,2012Q4,2013Q1,2013Q2,2013Q3,2013Q4,,,,,,,,,,,,,,,,,,,,,,,,,,,,,,,,,,,
,,,,,,,,,,,,,FFS Brand,$190.71 ,$204.52 ,$205.02 ,$202.83 ,$208.07 ,$206.30 ,$193.26 ,$183.34 ,$182.46 ,$184.80 ,$195.40 ,$198.90 ,,,,,,,,,,,,,,,,,,,,,,,,,,,,,,,,,,,
,,,,,,,,,,,,,MCOU Brand,$188.57 ,$205.12 ,$207.28 ,$194.36 ,$207.98 ,$204.02 ,$193.68 ,$207.37 ,$209.72 ,$252.23 ,$220.44 ,$169.95 ,,,,,,,,,,,,,,,,,,,,,,,,,,,,,,,,,,,
,,,,,,,,,,,,,Total Brand,190.292511,204.6450692,205.5470813,199.2483778,208.0305793,160.7253173,29.91299846,10.10594225,5.358771695,5.604817785,3.632627524,2.693912783,,,,,,,,,,,,,,,,,,,,,,,,,,,,,,,,,,,
,,,,,,,,,,,,,FFS Generic,,,,,,42.45468532,26.42175374,16.58490033,16.20155909,15.001722,15.34666111,14.29795466,,,,,,,,,,,,,,,,,,,,,,,,,,,,,,,,,,,
,,,,,,,,,,,,,MCOU Generic,,,,,,72.50905619,44.7890956,42.55005601,41.66267038,29.62305244,25.02009857,22.85257478,,,,,,,,,,,,,,,,,,,,,,,,,,,,,,,,,,,
,,,,,,,,,,,,,Total Generic,,,,,,13.18809783,30.74491599,28.93552989,29.77389488,22.69784137,20.51483462,18.98693626,,,,,,,,,,,,,,,,,,,,,,,,,,,,,,,,,,,
,,,,,,,,,,,,,,,,,,,,,,,,,,,,,,,,,,,,,,,,,,,,,,,,,,,,,,,,,,,,
,,,,,,,,,,,,,FFS Adjusted Scripts,,,,,,,,,,,,,,,,,,,,,,,,,,,,,,,,,,,,,,,,,,,,,,,
,,,,,,,,,,,,,,2011Q1,2011Q2,2011Q3,2011Q4,2012Q1,2012Q2,2012Q3,2012Q4,2013Q1,2013Q2,2013Q3,2013Q4,,,,,,,,,,,,,,,,,,,,,,,,,,,,,,,,,,,
,,,,,,,,,,,,,FFS Brand,337833,327006,298848,231900,234848,150032.8,22348.2,9154.5,4313.4,2637.4,1897.5,1433.9,,,,,,,,,,,,,,,,,,,,,,,,,,,,,,,,,,,
,,,,,,,,,,,,,FFS Generic,0,0,0,0,0,55400.2,178269.8,176066.5,171518.6,174636.6,168810.5,160019.1,,,,,,,,,,,,,,,,,,,,,,,,,,,,,,,,,,,
,,,,,,,,,,,,,FFS Total,337833,327006,298848,231900,234848,205433,200618,185221,175832,177274,170708,161453,,,,,,,,,,,,,,,,,,,,,,,,,,,,,,,,,,,
,,,,,,,,,,,,,FFS Brand Cost,"64,427,025","66,878,195","61,270,134","47,036,770","48,864,413","30,951,629","4,318,959","1,678,409","787,046","487,402","370,778","285,207",,,,,,,,,,,,,,,,,,,,,,,,,,,,,,,,,,,
,,,,,,,,,,,,,FFS Generic Cost,0,0,0,0,0,"2,351,996","4,710,201","2,920,045","2,778,869","2,619,849","2,590,677","2,287,946",,,,,,,,,,,,,,,,,,,,,,,,,,,,,,,,,,,
,,,,,,,,,,,,,FFS Total Rev,"64,427,025","66,878,195","61,270,134","47,036,770","48,864,413","33,303,625","9,029,161","4,598,454","3,565,914","3,107,251","2,961,455","2,573,153",,,,,,,,,,,,,,,,,,,,,,,,,,,,,,,,,,,
,,,,,,,,,,,,,Savings,-158,0,-275,0,0,"3,484,995","2,987,004","148,158","185,815","853,339","475,066","381,227",,,,,,,,,,,,,,,,,,,,,,,,,,,,,,,,,,,
,,,,,,,,,,,,,as a % of FFS revenue,0.00%,0.00%,0.00%,0.00%,0.00%,9.47%,24.86%,3.12%,4.95%,21.55%,13.82%,12.90%,,,,,,,,,,,,,,,,,,,,,,,,,,,,,,,,,,,
,,,,,,,,,,,,,as a % of total revenue,0.00%,0.00%,0.00%,0.00%,0.00%,4.97%,11.90%,0.95%,1.31%,7.44%,4.97%,4.61%,,,,,,,,,,,,,,,,,,,,,,,,,,,,,,,,,,,
